Código SKU,Código de barras,Descripción artículo,UM,Dpto,SECCION
612,'7807990000000,FLETE VENTA  INTERNET_1,C/U   ,0,X
612,'2000000000000,FLETE VENTA  INTERNET_1,C/U   ,0,X
10006,'2000000000000,MARTILLO CARP FVIDRIO16 OZ RED,C/U   ,9,F
10006,'4712860000000,MARTILLO CARP FVIDRIO16 OZ RED,C/U   ,9,F
10006,'20010003,MARTILLO CARP FVIDRIO16 OZ RED,C/U   ,9,F
10014,'7807990000000,MARTILLO CARP F/VIDRIO 13 OZ R.,C/U   ,9,F
10014,'2000000000000,MARTILLO CARP F/VIDRIO 13 OZ R.,C/U   ,9,F
10022,'2000000000000,MAZO GOMA M/ACERO 8 OZ REDLINE.,C/U   ,#N/A,
10022,'4716060000000,MAZO GOMA M/ACERO 8 OZ REDLINE.,C/U   ,#N/A,
10022,'20010027,MAZO GOMA M/ACERO 8 OZ REDLINE.,C/U   ,#N/A,
10022,'7808000000000,MAZO GOMA M/ACERO 8 OZ REDLINE.,C/U   ,#N/A,
10030,'2000000000000,MARTILLO CARP F/VIDRIO 20 OZ R,C/U   ,9,F
10030,'4716060000000,MARTILLO CARP F/VIDRIO 20 OZ R,C/U   ,9,F
10030,'20010034,MARTILLO CARP F/VIDRIO 20 OZ R,C/U   ,9,F
10030,'7808000000000,MARTILLO CARP F/VIDRIO 20 OZ R,C/U   ,9,F
10030,'2000300000000,MARTILLO CARP F/VIDRIO 20 OZ R,C/U   ,9,F
10049,'2000000000000,MARTILLO CARP M/TUBO 8OZ REDL.,C/U   ,9,F
10049,'4716060000000,MARTILLO CARP M/TUBO 8OZ REDL.,C/U   ,9,F
10049,'20010041,MARTILLO CARP M/TUBO 8OZ REDL.,C/U   ,9,F
10049,'2050000000000,MARTILLO CARP M/TUBO 8OZ REDL.,C/U   ,9,F
10049,'7808000000000,MARTILLO CARP M/TUBO 8OZ REDL.,C/U   ,9,F
10057,'2000000000000,CUCHILLA 4PULG L21D HTOOLS.,C/U   ,#N/A,
10057,'4716060000000,CUCHILLA 4PULG L21D HTOOLS.,C/U   ,#N/A,
10057,'20010058,CUCHILLA 4PULG L21D HTOOLS.,C/U   ,#N/A,
10065,'2000000000000,CUCHILLA 3 3/4 L31D HTOOLS.,C/U   ,#N/A,
10065,'4716060000000,CUCHILLA 3 3/4 L31D HTOOLS.,C/U   ,#N/A,
10073,'2000000000000,CUCHILLA 14 FUNC S31D HTOOLS.,C/U   ,#N/A,
10073,'4716060000000,CUCHILLA 14 FUNC S31D HTOOLS.,C/U   ,#N/A,
10081,'2000000000000,ESCOBILLA ACERO 6X18.,C/U   ,#N/A,
10081,'4712860000000,ESCOBILLA ACERO 6X18.,C/U   ,#N/A,
10081,'20010089,ESCOBILLA ACERO 6X18.,C/U   ,#N/A,
10103,'2000000000000,LLAVE STILLSON 10PULG REDLINE,C/U   ,20,G
10103,'4712860000000,LLAVE STILLSON 10PULG REDLINE,C/U   ,20,G
10103,'20010102,LLAVE STILLSON 10PULG REDLINE,C/U   ,20,G
10103,'7808000000000,LLAVE STILLSON 10PULG REDLINE,C/U   ,20,G
10111,'6900030000000,LLAVE STILLSON 8PULG REDLINE.,C/U   ,20,G
10111,'2000000000000,LLAVE STILLSON 8PULG REDLINE.,C/U   ,20,G
10111,'4712860000000,LLAVE STILLSON 8PULG REDLINE.,C/U   ,20,G
10111,'7808000000000,LLAVE STILLSON 8PULG REDLINE.,C/U   ,20,G
10138,'7808000000000,ALICATE PUNTA LARGA 5 RL,C/U   ,9,F
10138,'2000000000000,ALICATE PUNTA LARGA 5 RL,C/U   ,9,F
10138,'4712860000000,ALICATE PUNTA LARGA 5 RL,C/U   ,9,F
10138,'20010133,ALICATE PUNTA LARGA 5 RL,C/U   ,9,F
10146,'7808000000000,ALICATE CORTE DIAGONAL 6.1/2,C/U   ,9,F
10146,'2000000000000,ALICATE CORTE DIAGONAL 6.1/2,C/U   ,9,F
10146,'4716060000000,ALICATE CORTE DIAGONAL 6.1/2,C/U   ,9,F
10146,'20010140,ALICATE CORTE DIAGONAL 6.1/2,C/U   ,9,F
10154,'7808000000000,JGO DE ALICATES 3 PZAS,C/U   ,9,F
10154,'7807990000000,JGO DE ALICATES 3 PZAS,C/U   ,9,F
10154,'2000000000000,JGO DE ALICATES 3 PZAS,C/U   ,9,F
10154,'4716060000000,JGO DE ALICATES 3 PZAS,C/U   ,9,F
10162,'7808000000000,JUEGO DE HERRAM 3PZA P.TOOLS,C/U   ,9,F
10162,'7807990000000,JUEGO DE HERRAM 3PZA P.TOOLS,C/U   ,9,F
10162,'2000000000000,JUEGO DE HERRAM 3PZA P.TOOLS,C/U   ,9,F
10162,'4716060000000,JUEGO DE HERRAM 3PZA P.TOOLS,C/U   ,9,F
10162,'20010164,JUEGO DE HERRAM 3PZA P.TOOLS,C/U   ,9,F
10170,'2000000000000,ALICATE UNIV 12 FUNC W51D HTO,C/U   ,9,F
10170,'4716060000000,ALICATE UNIV 12 FUNC W51D HTO,C/U   ,9,F
10170,'20010171,ALICATE UNIV 12 FUNC W51D HTO,C/U   ,9,F
10189,'2000000000000,ALICATE UNIV 20 FUNC W65D HTOO,C/U   ,9,F
10189,'4716060000000,ALICATE UNIV 20 FUNC W65D HTOO,C/U   ,9,F
10189,'20010188,ALICATE UNIV 20 FUNC W65D HTOO,C/U   ,9,F
10197,'2000000000000,SET HERRAM MULT 3PZA 311D HTOO,C/U   ,#N/A,
10197,'4716060000000,SET HERRAM MULT 3PZA 311D HTOO,C/U   ,#N/A,
10197,'20010195,SET HERRAM MULT 3PZA 311D HTOO,C/U   ,#N/A,
10200,'2000000000000,SET HERRAM MULT 3PZA 321D HTOO,C/U   ,#N/A,
10200,'4716060000000,SET HERRAM MULT 3PZA 321D HTOO,C/U   ,#N/A,
10200,'20010201,SET HERRAM MULT 3PZA 321D HTOO,C/U   ,#N/A,
10219,'2000000000000,SET HERRAM MULT 2PZA 231D HTOO.,C/U   ,#N/A,
10219,'4716060000000,SET HERRAM MULT 2PZA 231D HTOO.,C/U   ,#N/A,
10219,'20010218,SET HERRAM MULT 2PZA 231D HTOO.,C/U   ,#N/A,
10227,'2000000000000,SET HERRAM MULT 2PZA 235D HTOO.,C/U   ,#N/A,
10227,'4716060000000,SET HERRAM MULT 2PZA 235D HTOO.,C/U   ,#N/A,
10227,'20010225,SET HERRAM MULT 2PZA 235D HTOO.,C/U   ,#N/A,
10235,'2000000000000,SET HERRAM MULT 5PZA 511 HTOO.,C/U   ,#N/A,
10235,'4716060000000,SET HERRAM MULT 5PZA 511 HTOO.,C/U   ,#N/A,
10235,'20010232,SET HERRAM MULT 5PZA 511 HTOO.,C/U   ,#N/A,
10243,'2000000000000,SET LLAVE HEXAG IN 9PZ MAR-SER.,C/U   ,#N/A,
10243,'4716060000000,SET LLAVE HEXAG IN 9PZ MAR-SER.,C/U   ,#N/A,
10243,'20010249,SET LLAVE HEXAG IN 9PZ MAR-SER.,C/U   ,#N/A,
10251,'2000000000000,SET LLAVE ESTRELLA 8PZ MAS-SER.,C/U   ,#N/A,
10251,'4716060000000,SET LLAVE ESTRELLA 8PZ MAS-SER.,C/U   ,#N/A,
10251,'20010256,SET LLAVE ESTRELLA 8PZ MAS-SER.,C/U   ,#N/A,
10278,'2000000000000,SET BROCAS CONCRE 8PZ KARSON,C/U   ,9,F
10278,'4716060000000,SET BROCAS CONCRE 8PZ KARSON,C/U   ,9,F
10278,'20010270,SET BROCAS CONCRE 8PZ KARSON,C/U   ,9,F
10278,'7808000000000,SET BROCAS CONCRE 8PZ KARSON,C/U   ,9,F
10286,'2000000000000,SET BROCAS COMBIN 9PZ KARSON.,C/U   ,9,F
10286,'4716060000000,SET BROCAS COMBIN 9PZ KARSON.,C/U   ,9,F
10286,'20010287,SET BROCAS COMBIN 9PZ KARSON.,C/U   ,9,F
10286,'7808000000000,SET BROCAS COMBIN 9PZ KARSON.,C/U   ,9,F
10294,'2000000000000,PORTA ANTEOJOS NEGRO C/CLIP.,C/U   ,#N/A,
10294,'4716060000000,PORTA ANTEOJOS NEGRO C/CLIP.,C/U   ,#N/A,
10294,'20010294,PORTA ANTEOJOS NEGRO C/CLIP.,C/U   ,#N/A,
10308,'2000000000000,PORTA ANTEOJOS PLATA C/CLIP.,C/U   ,#N/A,
10308,'4716060000000,PORTA ANTEOJOS PLATA C/CLIP.,C/U   ,#N/A,
10308,'20010300,PORTA ANTEOJOS PLATA C/CLIP.,C/U   ,#N/A,
10316,'2000000000000,PORTA ANTEOJOS AZUL C/CLIP.,C/U   ,#N/A,
10316,'4716060000000,PORTA ANTEOJOS AZUL C/CLIP.,C/U   ,#N/A,
10316,'20010317,PORTA ANTEOJOS AZUL C/CLIP.,C/U   ,#N/A,
10324,'2000000000000,PORTA ANTEOJOS ROJO C/CLIP.,C/U   ,#N/A,
10324,'4716060000000,PORTA ANTEOJOS ROJO C/CLIP.,C/U   ,#N/A,
10324,'20010324,PORTA ANTEOJOS ROJO C/CLIP.,C/U   ,#N/A,
10332,'2000000000000,PISO VINILICO PARA AUTOS 4 PZA,C/U   ,#N/A,
10332,'4716060000000,PISO VINILICO PARA AUTOS 4 PZA,C/U   ,#N/A,
10332,'20010331,PISO VINILICO PARA AUTOS 4 PZA,C/U   ,#N/A,
10340,'2000000000000,BANQUILLO DE APOYO 2 TON,C/U   ,#N/A,
10340,'4716060000000,BANQUILLO DE APOYO 2 TON,C/U   ,#N/A,
10340,'20010348,BANQUILLO DE APOYO 2 TON,C/U   ,#N/A,
10359,'4716060000000,"HUINCHA DE MEDIR 5,0MX3/4 AMA.",C/U   ,#N/A,
10359,'2000000000000,"HUINCHA DE MEDIR 5,0MX3/4 AMA.",C/U   ,#N/A,
10359,'20010355,"HUINCHA DE MEDIR 5,0MX3/4 AMA.",C/U   ,#N/A,
10367,'4712860000000,JGO DE GUBIAS 8 PZAS,C/U   ,9,F
10367,'2000000000000,JGO DE GUBIAS 8 PZAS,C/U   ,9,F
10367,'20010362,JGO DE GUBIAS 8 PZAS,C/U   ,9,F
10367,'7808000000000,JGO DE GUBIAS 8 PZAS,C/U   ,9,F
10375,'2000000000000,TIJERA C/HOJALATA 10PULG REDLI.,C/U   ,#N/A,
10375,'4712860000000,TIJERA C/HOJALATA 10PULG REDLI.,C/U   ,#N/A,
10375,'20010379,TIJERA C/HOJALATA 10PULG REDLI.,C/U   ,#N/A,
10383,'2000000000000,TIJERA P/HOJALAT 10PULG REDLIN.,C/U   ,#N/A,
10383,'4716060000000,TIJERA P/HOJALAT 10PULG REDLIN.,C/U   ,#N/A,
10383,'20010386,TIJERA P/HOJALAT 10PULG REDLIN.,C/U   ,#N/A,
10391,'2000000000000,SIERRA PUNTA MINI 12PULG REDLI.,C/U   ,#N/A,
10391,'4716060000000,SIERRA PUNTA MINI 12PULG REDLI.,C/U   ,#N/A,
10391,'20010393,SIERRA PUNTA MINI 12PULG REDLI.,C/U   ,#N/A,
10391,'7808000000000,SIERRA PUNTA MINI 12PULG REDLI.,C/U   ,#N/A,
10405,'2000000000000,ARCO DE SIERRA FIJO 3P,C/U   ,9,F
10405,'4716060000000,ARCO DE SIERRA FIJO 3P,C/U   ,9,F
10405,'20010409,ARCO DE SIERRA FIJO 3P,C/U   ,9,F
10405,'7808000000000,ARCO DE SIERRA FIJO 3P,C/U   ,9,F
10413,'7807990000000,DESTORN 4.0X100MM PLAN REDLINE,C/U   ,12,I
10413,'2000000000000,DESTORN 4.0X100MM PLAN REDLINE,C/U   ,12,I
10413,'4716060000000,DESTORN 4.0X100MM PLAN REDLINE,C/U   ,12,I
10413,'20010416,DESTORN 4.0X100MM PLAN REDLINE,C/U   ,12,I
10413,'7808000000000,DESTORN 4.0X100MM PLAN REDLINE,C/U   ,12,I
10448,'7807990000000,DESARMADOR PHILIP AIS  1X100MM.,C/U   ,#N/A,
10448,'2000000000000,DESARMADOR PHILIP AIS  1X100MM.,C/U   ,#N/A,
10448,'4716060000000,DESARMADOR PHILIP AIS  1X100MM.,C/U   ,#N/A,
10448,'20010447,DESARMADOR PHILIP AIS  1X100MM.,C/U   ,#N/A,
10456,'7807990000000,DESTORN 2X100MM ESTRE REDLINE,C/U   ,12,I
10456,'2000000000000,DESTORN 2X100MM ESTRE REDLINE,C/U   ,12,I
10456,'4716060000000,DESTORN 2X100MM ESTRE REDLINE,C/U   ,12,I
10456,'20010454,DESTORN 2X100MM ESTRE REDLINE,C/U   ,12,I
10456,'7808000000000,DESTORN 2X100MM ESTRE REDLINE,C/U   ,12,I
10464,'7807990000000,DESARMADOR CRUZ N1X75MM RL,C/U   ,9,F
10464,'2000000000000,DESARMADOR CRUZ N1X75MM RL,C/U   ,9,F
10464,'4716060000000,DESARMADOR CRUZ N1X75MM RL,C/U   ,9,F
10464,'20010461,DESARMADOR CRUZ N1X75MM RL,C/U   ,9,F
10464,'7808000000000,DESARMADOR CRUZ N1X75MM RL,C/U   ,9,F
10472,'2000000000000,IMAN TELESCOPIO REDLINE.,C/U   ,#N/A,
10472,'4716060000000,IMAN TELESCOPIO REDLINE.,C/U   ,#N/A,
10472,'20010478,IMAN TELESCOPIO REDLINE.,C/U   ,#N/A,
10480,'7807990000000,SET MINI DESARMADOR C/IMAN 2PZ.,C/U   ,#N/A,
10480,'2000000000000,SET MINI DESARMADOR C/IMAN 2PZ.,C/U   ,#N/A,
10480,'4716060000000,SET MINI DESARMADOR C/IMAN 2PZ.,C/U   ,#N/A,
10480,'20010485,SET MINI DESARMADOR C/IMAN 2PZ.,C/U   ,#N/A,
10499,'7807990000000,DESARMADOR CRUZ N0X75MM RL,C/U   ,9,F
10499,'2000000000000,DESARMADOR CRUZ N0X75MM RL,C/U   ,9,F
10499,'4716060000000,DESARMADOR CRUZ N0X75MM RL,C/U   ,9,F
10499,'7808000000000,DESARMADOR CRUZ N0X75MM RL,C/U   ,9,F
10502,'2000000000000,SET DESARMADOR CON CHICHARRA 2,C/U   ,#N/A,
10502,'4716060000000,SET DESARMADOR CON CHICHARRA 2,C/U   ,#N/A,
10502,'20010508,SET DESARMADOR CON CHICHARRA 2,C/U   ,#N/A,
10510,'7807990000000,DESARMADOR CRUZ N2X100MM RL,C/U   ,9,F
10510,'2000000000000,DESARMADOR CRUZ N2X100MM RL,C/U   ,9,F
10510,'4716060000000,DESARMADOR CRUZ N2X100MM RL,C/U   ,9,F
10510,'20010515,DESARMADOR CRUZ N2X100MM RL,C/U   ,9,F
10510,'7808000000000,DESARMADOR CRUZ N2X100MM RL,C/U   ,9,F
10529,'7807990000000,DESARMADOR CRUZ N2X150MM RL,C/U   ,9,F
10529,'2000000000000,DESARMADOR CRUZ N2X150MM RL,C/U   ,9,F
10529,'4716060000000,DESARMADOR CRUZ N2X150MM RL,C/U   ,9,F
10529,'7808000000000,DESARMADOR CRUZ N2X150MM RL,C/U   ,9,F
10537,'7807990000000,DESARMADOR PLANO 8X150MM RED.,C/U   ,9,F
10537,'2000000000000,DESARMADOR PLANO 8X150MM RED.,C/U   ,9,F
10537,'4716060000000,DESARMADOR PLANO 8X150MM RED.,C/U   ,9,F
10537,'20010539,DESARMADOR PLANO 8X150MM RED.,C/U   ,9,F
10537,'7808000000000,DESARMADOR PLANO 8X150MM RED.,C/U   ,9,F
10545,'7807990000000,DESARMADOR PLANO 8X200MM RED.,C/U   ,9,F
10545,'2000000000000,DESARMADOR PLANO 8X200MM RED.,C/U   ,9,F
10545,'4716060000000,DESARMADOR PLANO 8X200MM RED.,C/U   ,9,F
10545,'20010546,DESARMADOR PLANO 8X200MM RED.,C/U   ,9,F
10545,'7808000000000,DESARMADOR PLANO 8X200MM RED.,C/U   ,9,F
10553,'2000000000000,SET DESARMADOR PUNTA MAG 7 PZ.,C/U   ,#N/A,
10553,'4716060000000,SET DESARMADOR PUNTA MAG 7 PZ.,C/U   ,#N/A,
10553,'20010553,SET DESARMADOR PUNTA MAG 7 PZ.,C/U   ,#N/A,
10561,'2000000000000,JGO DESARMADORES PREC 14 PZAS,C/U   ,9,F
10561,'4716060000000,JGO DESARMADORES PREC 14 PZAS,C/U   ,9,F
10561,'20010560,JGO DESARMADORES PREC 14 PZAS,C/U   ,9,F
10561,'7808000000000,JGO DESARMADORES PREC 14 PZAS,C/U   ,9,F
10588,'7808000000000,ALICATE PUNTA LARGA 4 RL,C/U   ,9,F
10588,'2000000000000,ALICATE PUNTA LARGA 4 RL,C/U   ,9,F
10588,'4712860000000,ALICATE PUNTA LARGA 4 RL,C/U   ,9,F
10588,'20010584,ALICATE PUNTA LARGA 4 RL,C/U   ,9,F
10596,'7808000000000,ALICATE CORTE DIAGONAL 3.1/2,C/U   ,9,F
10596,'2000000000000,ALICATE CORTE DIAGONAL 3.1/2,C/U   ,9,F
10596,'4712860000000,ALICATE CORTE DIAGONAL 3.1/2,C/U   ,9,F
10596,'20010591,ALICATE CORTE DIAGONAL 3.1/2,C/U   ,9,F
10618,'2000000000000,SACABOCADOS 6PTAS RELINE.,C/U   ,#N/A,
10618,'4712860000000,SACABOCADOS 6PTAS RELINE.,C/U   ,#N/A,
10618,'20010614,SACABOCADOS 6PTAS RELINE.,C/U   ,#N/A,
10626,'2000000000000,SET PUNTAS DESARMLLAR 7PZ RED.,DSPL  ,9,F
10626,'4712860000000,SET PUNTAS DESARMLLAR 7PZ RED.,DSPL  ,9,F
10626,'20010621,SET PUNTAS DESARMLLAR 7PZ RED.,DSPL  ,9,F
10626,'7808000000000,SET PUNTAS DESARMLLAR 7PZ RED.,DSPL  ,9,F
10634,'2000000000000,REMACHADORA MANUAL.,C/U   ,34,M
10634,'4716060000000,REMACHADORA MANUAL.,C/U   ,34,M
10634,'20010638,REMACHADORA MANUAL.,C/U   ,34,M
10642,'2000000000000,SET DADOS MEC1/2PUL 23PZ REDL.,C/U   ,9,F
10642,'4712860000000,SET DADOS MEC1/2PUL 23PZ REDL.,C/U   ,9,F
10642,'20010645,SET DADOS MEC1/2PUL 23PZ REDL.,C/U   ,9,F
10642,'7808000000000,SET DADOS MEC1/2PUL 23PZ REDL.,C/U   ,9,F
10650,'2000000000000,SET LLAVES PTA/COR9PZ REDLINE.,C/U   ,9,F
10650,'4716060000000,SET LLAVES PTA/COR9PZ REDLINE.,C/U   ,9,F
10650,'20010652,SET LLAVES PTA/COR9PZ REDLINE.,C/U   ,9,F
10650,'7808000000000,SET LLAVES PTA/COR9PZ REDLINE.,C/U   ,9,F
10669,'2000000000000,CLAVO BN1810CS 5/8PULG 1000UN,C/U   ,9,F
10669,'4716060000000,CLAVO BN1810CS 5/8PULG 1000UN,C/U   ,9,F
10669,'20010669,CLAVO BN1810CS 5/8PULG 1000UN,C/U   ,9,F
10669,'79055041030,CLAVO BN1810CS 5/8PULG 1000UN,C/U   ,9,F
10677,'2000000000000,GRAPAS HEAVY DUTY 12MM-1/2,C/U   ,9,F
10677,'4716060000000,GRAPAS HEAVY DUTY 12MM-1/2,C/U   ,9,F
10677,'20010676,GRAPAS HEAVY DUTY 12MM-1/2,C/U   ,9,F
10677,'7808000000000,GRAPAS HEAVY DUTY 12MM-1/2,C/U   ,9,F
10685,'2000000000000,GRAPAS HEAVY DUTY 14MM-5/8,C/U   ,9,F
10685,'4716060000000,GRAPAS HEAVY DUTY 14MM-5/8,C/U   ,9,F
10685,'20010683,GRAPAS HEAVY DUTY 14MM-5/8,C/U   ,9,F
10685,'7808000000000,GRAPAS HEAVY DUTY 14MM-5/8,C/U   ,9,F
10693,'2000000000000,SET 35 CUCHILLAS DELUX HOBBY,C/U   ,#N/A,
10693,'4716060000000,SET 35 CUCHILLAS DELUX HOBBY,C/U   ,#N/A,
10693,'20010690,SET 35 CUCHILLAS DELUX HOBBY,C/U   ,#N/A,
10693,'7808000000000,SET 35 CUCHILLAS DELUX HOBBY,C/U   ,#N/A,
10707,'2000000000000,CORTA TUBOS P/METAL REDLINE.,C/U   ,#N/A,
10707,'4712860000000,CORTA TUBOS P/METAL REDLINE.,C/U   ,#N/A,
10707,'20010706,CORTA TUBOS P/METAL REDLINE.,C/U   ,#N/A,
10715,'2000000000000,RUEDA  P/CORTADOR DE TUBO.,C/U   ,#N/A,
10715,'4712860000000,RUEDA  P/CORTADOR DE TUBO.,C/U   ,#N/A,
10715,'20010713,RUEDA  P/CORTADOR DE TUBO.,C/U   ,#N/A,
10723,'2000000000000,CAUTIN T/ PISTOLA 40W.,C/U   ,#N/A,
10723,'4716060000000,CAUTIN T/ PISTOLA 40W.,C/U   ,#N/A,
10723,'20010720,CAUTIN T/ PISTOLA 40W.,C/U   ,#N/A,
10731,'2000000000000,CAUTIN T/ LAPICERO 40/50W.,C/U   ,#N/A,
10731,'4716060000000,CAUTIN T/ LAPICERO 40/50W.,C/U   ,#N/A,
10731,'20010737,CAUTIN T/ LAPICERO 40/50W.,C/U   ,#N/A,
10758,'4712860000000,ATORN BUSCAPOLO 140 MM REDLINE,C/U   ,12,I
10758,'2000000000000,ATORN BUSCAPOLO 140 MM REDLINE,C/U   ,12,I
10758,'7808000000000,ATORN BUSCAPOLO 140 MM REDLINE,C/U   ,12,I
10766,'2000000000000,"BARRA PTA-EQUIP C/BOTA AGUA1,2",C/U   ,#N/A,
10766,'4716060000000,"BARRA PTA-EQUIP C/BOTA AGUA1,2",C/U   ,#N/A,
10766,'20010768,"BARRA PTA-EQUIP C/BOTA AGUA1,2",C/U   ,#N/A,
10774,'2000000000000,"BARRA PTA-EQUIP S/BOTA AGUA1,2.",C/U   ,#N/A,
10774,'4716060000000,"BARRA PTA-EQUIP S/BOTA AGUA1,2.",C/U   ,#N/A,
10774,'20010775,"BARRA PTA-EQUIP S/BOTA AGUA1,2.",C/U   ,#N/A,
10782,'2000000000000,REFLECTOR P/PUERTA 2 PZAS.,C/U   ,#N/A,
10782,'4716060000000,REFLECTOR P/PUERTA 2 PZAS.,C/U   ,#N/A,
10782,'20010782,REFLECTOR P/PUERTA 2 PZAS.,C/U   ,#N/A,
10790,'2000000000000,REFLECTOR P/PUERTA 4PZAS.,C/U   ,#N/A,
10790,'4716060000000,REFLECTOR P/PUERTA 4PZAS.,C/U   ,#N/A,
10790,'20010799,REFLECTOR P/PUERTA 4PZAS.,C/U   ,#N/A,
10804,'2000000000000,CORREA 1X15PULG 680KG MAX.,C/U   ,#N/A,
10804,'4712860000000,CORREA 1X15PULG 680KG MAX.,C/U   ,#N/A,
10804,'20010805,CORREA 1X15PULG 680KG MAX.,C/U   ,#N/A,
10812,'2000000000000,PANO ABSORVENTE P/AUTO.,C/U   ,#N/A,
10812,'4716060000000,PANO ABSORVENTE P/AUTO.,C/U   ,#N/A,
10812,'20010812,PANO ABSORVENTE P/AUTO.,C/U   ,#N/A,
10820,'2000000000000,CORTADOR DE VIDRIO REDLINE,C/U   ,#N/A,
10820,'4712860000000,CORTADOR DE VIDRIO REDLINE,C/U   ,#N/A,
10820,'4716060000000,CORTADOR DE VIDRIO REDLINE,C/U   ,#N/A,
10839,'2000000000000,TARUGO NYLON 6MM BOLSA 100UN.,C/U   ,#N/A,
10839,'4716060000000,TARUGO NYLON 6MM BOLSA 100UN.,C/U   ,#N/A,
10839,'20010836,TARUGO NYLON 6MM BOLSA 100UN.,C/U   ,#N/A,
10847,'2000000000000,TARUGO NYLON 8MM BOLSA 50UN.,C/U   ,#N/A,
10847,'4716060000000,TARUGO NYLON 8MM BOLSA 50UN.,C/U   ,#N/A,
10847,'20010843,TARUGO NYLON 8MM BOLSA 50UN.,C/U   ,#N/A,
10855,'2000000000000,TARUGO NYLON 6MM CAJA 150UN.,C/U   ,#N/A,
10855,'4716060000000,TARUGO NYLON 6MM CAJA 150UN.,C/U   ,#N/A,
10855,'20010850,TARUGO NYLON 6MM CAJA 150UN.,C/U   ,#N/A,
10863,'2000000000000,TARUGO NYLON 8MM CAJA 120UN.,C/U   ,#N/A,
10863,'4716060000000,TARUGO NYLON 8MM CAJA 120UN.,C/U   ,#N/A,
10863,'20010867,TARUGO NYLON 8MM CAJA 120UN.,C/U   ,#N/A,
10871,'2000000000000,SET TARUGO 8MM C/TORN 80UN.,C/U   ,#N/A,
10871,'4716060000000,SET TARUGO 8MM C/TORN 80UN.,C/U   ,#N/A,
10871,'20010874,SET TARUGO 8MM C/TORN 80UN.,C/U   ,#N/A,
10898,'2000000000000,SILLA JUVENIL VINO TINTO IMP.,C/U   ,#N/A,
10898,'20010898,SILLA JUVENIL VINO TINTO IMP.,C/U   ,#N/A,
10898,'4713180000000,SILLA JUVENIL VINO TINTO IMP.,C/U   ,#N/A,
10901,'2000000000000,SILLA JUVENIL AZUL IMP.,C/U   ,#N/A,
10901,'4713180000000,SILLA JUVENIL AZUL IMP.,C/U   ,#N/A,
10901,'20010904,SILLA JUVENIL AZUL IMP.,C/U   ,#N/A,
10928,'2000000000000,SILLA JUVENIL AMARILLO IMP.,C/U   ,#N/A,
10928,'20010928,SILLA JUVENIL AMARILLO IMP.,C/U   ,#N/A,
10928,'4713180000000,SILLA JUVENIL AMARILLO IMP.,C/U   ,#N/A,
10936,'2000000000000,SILLA JUVENIL ROJO IMP.,C/U   ,#N/A,
10936,'20010935,SILLA JUVENIL ROJO IMP.,C/U   ,#N/A,
10936,'4713180000000,SILLA JUVENIL ROJO IMP.,C/U   ,#N/A,
10944,'2000000000000,SILLA JUVEN GRIS C/PISTON GAS.,C/U   ,#N/A,
10944,'4713180000000,SILLA JUVEN GRIS C/PISTON GAS.,C/U   ,#N/A,
10944,'20010942,SILLA JUVEN GRIS C/PISTON GAS.,C/U   ,#N/A,
10952,'2000000000000,SILLA JUVEN VINO C/PISTON GAS.,C/U   ,#N/A,
10952,'20010959,SILLA JUVEN VINO C/PISTON GAS.,C/U   ,#N/A,
10952,'4713180000000,SILLA JUVEN VINO C/PISTON GAS.,C/U   ,#N/A,
10960,'2000000000000,SILLA JUVEN AZUL C/PISTON GAS.,C/U   ,#N/A,
10960,'20010966,SILLA JUVEN AZUL C/PISTON GAS.,C/U   ,#N/A,
10960,'4713180000000,SILLA JUVEN AZUL C/PISTON GAS.,C/U   ,#N/A,
10979,'2000000000000,SILLA JUVEN MARR C/PISTON GAS.,C/U   ,#N/A,
10979,'4713180000000,SILLA JUVEN MARR C/PISTON GAS.,C/U   ,#N/A,
10979,'20010973,SILLA JUVEN MARR C/PISTON GAS.,C/U   ,#N/A,
10987,'2000000000000,SILLA JUVEN AMARI C/PISTON GAS.,C/U   ,#N/A,
10987,'20010980,SILLA JUVEN AMARI C/PISTON GAS.,C/U   ,#N/A,
10987,'4713180000000,SILLA JUVEN AMARI C/PISTON GAS.,C/U   ,#N/A,
10995,'2000000000000,SILLA JUVEN ROJO C/PISTON GAS.,C/U   ,#N/A,
10995,'20010997,SILLA JUVEN ROJO C/PISTON GAS.,C/U   ,#N/A,
10995,'4713180000000,SILLA JUVEN ROJO C/PISTON GAS.,C/U   ,#N/A,
11002,'7453040000000,SILLA JUVEN NEG C/P GAS C/BR,C/U   ,32,H
11002,'2000000000000,SILLA JUVEN NEG C/P GAS C/BR,C/U   ,32,H
11002,'20011000,SILLA JUVEN NEG C/P GAS C/BR,C/U   ,32,H
11002,'4713180000000,SILLA JUVEN NEG C/P GAS C/BR,C/U   ,32,H
11010,'2000000000000,SILLA GIRATORIA CS-211 GRIS.,C/U   ,#N/A,
11010,'20011017,SILLA GIRATORIA CS-211 GRIS.,C/U   ,#N/A,
11010,'4713180000000,SILLA GIRATORIA CS-211 GRIS.,C/U   ,#N/A,
11029,'2000000000000,SILLA GIRATORIA CS-211 VINO.,C/U   ,#N/A,
11029,'4713180000000,SILLA GIRATORIA CS-211 VINO.,C/U   ,#N/A,
11029,'20011024,SILLA GIRATORIA CS-211 VINO.,C/U   ,#N/A,
11037,'2000000000000,SILLA GIRATORIA CS-211 NEGRA.,C/U   ,#N/A,
11037,'4713180000000,SILLA GIRATORIA CS-211 NEGRA.,C/U   ,#N/A,
11037,'20011031,SILLA GIRATORIA CS-211 NEGRA.,C/U   ,#N/A,
11045,'4713180000000,SILLA GIRATORIA CS-261 GRIS.,C/U   ,#N/A,
11045,'2000000000000,SILLA GIRATORIA CS-261 GRIS.,C/U   ,#N/A,
11045,'20011048,SILLA GIRATORIA CS-261 GRIS.,C/U   ,#N/A,
11053,'4713180000000,SILLA GIRATORIA CS-261 NEGRO.,C/U   ,#N/A,
11053,'2000000000000,SILLA GIRATORIA CS-261 NEGRO.,C/U   ,#N/A,
11053,'20011055,SILLA GIRATORIA CS-261 NEGRO.,C/U   ,#N/A,
11061,'4713180000000,SILLON GIRATORIO CS-311 NEGRO.,C/U   ,#N/A,
11061,'2000000000000,SILLON GIRATORIO CS-311 NEGRO.,C/U   ,#N/A,
11061,'20011062,SILLON GIRATORIO CS-311 NEGRO.,C/U   ,#N/A,
11088,'2000000000000,SILLON GIRATORIO CS-400 GRIS.,C/U   ,#N/A,
11088,'20011086,SILLON GIRATORIO CS-400 GRIS.,C/U   ,#N/A,
11088,'4713180000000,SILLON GIRATORIO CS-400 GRIS.,C/U   ,#N/A,
11096,'4713180000000,SILLON GIRATORIO CS-420 NEGRO,C/U   ,#N/A,
11096,'2000000000000,SILLON GIRATORIO CS-420 NEGRO,C/U   ,#N/A,
11096,'20011093,SILLON GIRATORIO CS-420 NEGRO,C/U   ,#N/A,
11118,'7796610000000,SILLON FIJO ISO GRIS S/BRAZO.,C/U   ,99,E
11118,'2000000000000,SILLON FIJO ISO GRIS S/BRAZO.,C/U   ,99,E
11118,'4713180000000,SILLON FIJO ISO GRIS S/BRAZO.,C/U   ,99,E
11118,'20011116,SILLON FIJO ISO GRIS S/BRAZO.,C/U   ,99,E
11118,'7808000000000,SILLON FIJO ISO GRIS S/BRAZO.,C/U   ,99,E
11126,'4713180000000,SILLON FIJO ISO NEGRO S/BRAZO.,C/U   ,32,H
11126,'7796610000000,SILLON FIJO ISO NEGRO S/BRAZO.,C/U   ,32,H
11126,'2000000000000,SILLON FIJO ISO NEGRO S/BRAZO.,C/U   ,32,H
11126,'20011123,SILLON FIJO ISO NEGRO S/BRAZO.,C/U   ,32,H
11126,'7808000000000,SILLON FIJO ISO NEGRO S/BRAZO.,C/U   ,32,H
11134,'2000000000000,FRAZADA POLAR 11/2PLZA.,C/U   ,44,D
11134,'20011130,FRAZADA POLAR 11/2PLZA.,C/U   ,44,D
11142,'2000000000000,FRAZADA POLAR 2PLZA.,C/U   ,44,D
11142,'20011147,FRAZADA POLAR 2PLZA.,C/U   ,44,D
11150,'2000000000000,FRAZADA POLAR QUEEN.,C/U   ,44,D
11150,'20011154,FRAZADA POLAR QUEEN.,C/U   ,44,D
11169,'2000000000000,MANTA CHECK 1.25X1.50.,C/U   ,#N/A,
11169,'20011161,MANTA CHECK 1.25X1.50.,C/U   ,#N/A,
11177,'2000000000000,MANTA INFANTIL 1.16X1.60.,C/U   ,#N/A,
11177,'20011178,MANTA INFANTIL 1.16X1.60.,C/U   ,#N/A,
11185,'2000000000000,MANTA BBE COLOR ENTERO.,C/U   ,#N/A,
11185,'20011185,MANTA BBE COLOR ENTERO.,C/U   ,#N/A,
11193,'2000000000000,MANTA BBE CHECK.,C/U   ,#N/A,
11193,'20011192,MANTA BBE CHECK.,C/U   ,#N/A,
11207,'7752560000000,PROTECTOR COLCHON IMPERM CUNA.,C/U   ,#N/A,
11207,'2000000000000,PROTECTOR COLCHON IMPERM CUNA.,C/U   ,#N/A,
11207,'7706810000000,PROTECTOR COLCHON IMPERM CUNA.,C/U   ,#N/A,
11207,'20011208,PROTECTOR COLCHON IMPERM CUNA.,C/U   ,#N/A,
11215,'7752560000000,PROTECTOR COLCHON IMPERM 1PLZ.,C/U   ,#N/A,
11215,'2000000000000,PROTECTOR COLCHON IMPERM 1PLZ.,C/U   ,#N/A,
11215,'7706810000000,PROTECTOR COLCHON IMPERM 1PLZ.,C/U   ,#N/A,
11215,'20011215,PROTECTOR COLCHON IMPERM 1PLZ.,C/U   ,#N/A,
11223,'7752560000000,PROTECTOR COLCHON IMPE 1.5PLZ.,C/U   ,44,D
11223,'2000000000000,PROTECTOR COLCHON IMPE 1.5PLZ.,C/U   ,44,D
11223,'7706810000000,PROTECTOR COLCHON IMPE 1.5PLZ.,C/U   ,44,D
11223,'20011222,PROTECTOR COLCHON IMPE 1.5PLZ.,C/U   ,44,D
11231,'7752560000000,PROTECTOR COLCHON IMPE 2PLZ.,C/U   ,44,D
11231,'2000000000000,PROTECTOR COLCHON IMPE 2PLZ.,C/U   ,44,D
11231,'7706810000000,PROTECTOR COLCHON IMPE 2PLZ.,C/U   ,44,D
11231,'20011239,PROTECTOR COLCHON IMPE 2PLZ.,C/U   ,44,D
11258,'7752560000000,PROTECTOR COLCHON IMPERME KING.,C/U   ,#N/A,
11258,'2000000000000,PROTECTOR COLCHON IMPERME KING.,C/U   ,#N/A,
11258,'7706810000000,PROTECTOR COLCHON IMPERME KING.,C/U   ,#N/A,
11258,'20011253,PROTECTOR COLCHON IMPERME KING.,C/U   ,#N/A,
11266,'2000000000000,SPA TOWEL.,C/U   ,#N/A,
11266,'7706810000000,SPA TOWEL.,C/U   ,#N/A,
11266,'20011260,SPA TOWEL.,C/U   ,#N/A,
11274,'2000000000000,SKIN CLOTHES.,C/U   ,#N/A,
11274,'7706810000000,SKIN CLOTHES.,C/U   ,#N/A,
11274,'20011277,SKIN CLOTHES.,C/U   ,#N/A,
11282,'2000000000000,EDREDON PLUMAS 1.5 PLZ,C/U   ,#N/A,
11282,'20011284,EDREDON PLUMAS 1.5 PLZ,C/U   ,#N/A,
11290,'2000000000000,EDREDON PLUMAS 2PLZ./QUEEN.,C/U   ,#N/A,
11290,'20011291,EDREDON PLUMAS 2PLZ./QUEEN.,C/U   ,#N/A,
11304,'2000000000000,EDREDON PLUMAS KING.,C/U   ,#N/A,
11304,'20011307,EDREDON PLUMAS KING.,C/U   ,#N/A,
11312,'2000000000000,ALMOHADA PLUMAS STANDARD.,C/U   ,#N/A,
11312,'20011314,ALMOHADA PLUMAS STANDARD.,C/U   ,#N/A,
11320,'2000000000000,RUEDA DE MEDICION 10.000MT.,C/U   ,#N/A,
11320,'4716060000000,RUEDA DE MEDICION 10.000MT.,C/U   ,#N/A,
11320,'20011321,RUEDA DE MEDICION 10.000MT.,C/U   ,#N/A,
11339,'2000000000000,NIVEL 4PULG 2 AGUAS TORNADO.,C/U   ,9,F
11339,'4716060000000,NIVEL 4PULG 2 AGUAS TORNADO.,C/U   ,9,F
11339,'20011338,NIVEL 4PULG 2 AGUAS TORNADO.,C/U   ,9,F
11339,'7808000000000,NIVEL 4PULG 2 AGUAS TORNADO.,C/U   ,9,F
11347,'2000000000000,NIVEL DE LINEA MINI 2PZ REDLIN,C/U   ,#N/A,
11347,'4716060000000,NIVEL DE LINEA MINI 2PZ REDLIN,C/U   ,#N/A,
11347,'20011345,NIVEL DE LINEA MINI 2PZ REDLIN,C/U   ,#N/A,
11355,'2000000000000,NIVEL MULTIFUNCION 3PZ REDLINE.,C/U   ,#N/A,
11355,'4716060000000,NIVEL MULTIFUNCION 3PZ REDLINE.,C/U   ,#N/A,
11355,'20011352,NIVEL MULTIFUNCION 3PZ REDLINE.,C/U   ,#N/A,
11355,'7808000000000,NIVEL MULTIFUNCION 3PZ REDLINE.,C/U   ,#N/A,
11363,'2000000000000,NIVEL P/POSTES 3AGUAS REDLINE.,C/U   ,#N/A,
11363,'4716060000000,NIVEL P/POSTES 3AGUAS REDLINE.,C/U   ,#N/A,
11363,'20011369,NIVEL P/POSTES 3AGUAS REDLINE.,C/U   ,#N/A,
11371,'2000000000000,KIT NIVEL LASER ROTOR REDLINE,C/U   ,#N/A,
11371,'4716060000000,KIT NIVEL LASER ROTOR REDLINE,C/U   ,#N/A,
11371,'471606000000,KIT NIVEL LASER ROTOR REDLINE,C/U   ,#N/A,
11371,'20011376,KIT NIVEL LASER ROTOR REDLINE,C/U   ,#N/A,
11398,'2000000000000,NIVEL LASER 16PULG REDLINE,C/U   ,#N/A,
11398,'4716060000000,NIVEL LASER 16PULG REDLINE,C/U   ,#N/A,
11398,'20011390,NIVEL LASER 16PULG REDLINE,C/U   ,#N/A,
11401,'2000000000000,NIVEL LASER 170MM REDLINE,C/U   ,#N/A,
11401,'4716060000000,NIVEL LASER 170MM REDLINE,C/U   ,#N/A,
11401,'20011406,NIVEL LASER 170MM REDLINE,C/U   ,#N/A,
11428,'2000000000000,REGLA ALUM 60CM C/NIVEL REDLIN.,C/U   ,#N/A,
11428,'4716060000000,REGLA ALUM 60CM C/NIVEL REDLIN.,C/U   ,#N/A,
11428,'20011420,REGLA ALUM 60CM C/NIVEL REDLIN.,C/U   ,#N/A,
11436,'2000000000000,NIVEL/ALINEADOR LASER.,C/U   ,9,F
11436,'4716060000000,NIVEL/ALINEADOR LASER.,C/U   ,9,F
11436,'20011437,NIVEL/ALINEADOR LASER.,C/U   ,9,F
11436,'7808000000000,NIVEL/ALINEADOR LASER.,C/U   ,9,F
11444,'4716060000000,HUINCHA MEDIR 5MX19MM TTOOLS.,C/U   ,9,F
11444,'2000000000000,HUINCHA MEDIR 5MX19MM TTOOLS.,C/U   ,9,F
11444,'20011444,HUINCHA MEDIR 5MX19MM TTOOLS.,C/U   ,9,F
11444,'2050000000000,HUINCHA MEDIR 5MX19MM TTOOLS.,C/U   ,9,F
11444,'7808000000000,HUINCHA MEDIR 5MX19MM TTOOLS.,C/U   ,9,F
11452,'4716060000000,HUINCHA MEDIR 8MX25MM REDLINE,C/U   ,9,F
11452,'2000000000000,HUINCHA MEDIR 8MX25MM REDLINE,C/U   ,9,F
11452,'20011451,HUINCHA MEDIR 8MX25MM REDLINE,C/U   ,9,F
11452,'2050000000000,HUINCHA MEDIR 8MX25MM REDLINE,C/U   ,9,F
11452,'7808000000000,HUINCHA MEDIR 8MX25MM REDLINE,C/U   ,9,F
11460,'2000000000000,HUINCHA MEDIR 3MX16MM TTOOLS,C/U   ,9,F
11460,'4716060000000,HUINCHA MEDIR 3MX16MM TTOOLS,C/U   ,9,F
11460,'20011468,HUINCHA MEDIR 3MX16MM TTOOLS,C/U   ,9,F
11460,'7808000000000,HUINCHA MEDIR 3MX16MM TTOOLS,C/U   ,9,F
11479,'2000000000000,HUINCHA MEDIR 10MX1' MET-REDL.,C/U   ,#N/A,
11479,'4716060000000,HUINCHA MEDIR 10MX1' MET-REDL.,C/U   ,#N/A,
11479,'20011475,HUINCHA MEDIR 10MX1' MET-REDL.,C/U   ,#N/A,
11487,'2000000000000,SET DADOS/CHICARRA 1/2' 9PZAS,C/U   ,#N/A,
11487,'4716060000000,SET DADOS/CHICARRA 1/2' 9PZAS,C/U   ,#N/A,
11487,'20011482,SET DADOS/CHICARRA 1/2' 9PZAS,C/U   ,#N/A,
11495,'2000000000000,SET DADOS/CHICARRA 1/4PULG 12P.,C/U   ,#N/A,
11495,'4716060000000,SET DADOS/CHICARRA 1/4PULG 12P.,C/U   ,#N/A,
11495,'20011499,SET DADOS/CHICARRA 1/4PULG 12P.,C/U   ,#N/A,
11495,'7808000000000,SET DADOS/CHICARRA 1/4PULG 12P.,C/U   ,#N/A,
11509,'2000000000000,SET REGLAS/CUCHILLO 3PZASREDL.,C/U   ,#N/A,
11509,'4716060000000,SET REGLAS/CUCHILLO 3PZASREDL.,C/U   ,#N/A,
11509,'20011505,SET REGLAS/CUCHILLO 3PZASREDL.,C/U   ,#N/A,
11517,'2000000000000,ESCALIMETRO 300MM.,C/U   ,#N/A,
11517,'4716060000000,ESCALIMETRO 300MM.,C/U   ,#N/A,
11517,'20011512,ESCALIMETRO 300MM.,C/U   ,#N/A,
11525,'2000000000000,KIT HERR ESCOLAR 7PZS TORNADO.,C/U   ,#N/A,
11525,'4716060000000,KIT HERR ESCOLAR 7PZS TORNADO.,C/U   ,#N/A,
11525,'20011529,KIT HERR ESCOLAR 7PZS TORNADO.,C/U   ,#N/A,
11533,'2000000000000,"HUINCHA MEDIR 7,5M MAS-SER.",C/U   ,#N/A,
11533,'4716060000000,"HUINCHA MEDIR 7,5M MAS-SER.",C/U   ,#N/A,
11533,'20011536,"HUINCHA MEDIR 7,5M MAS-SER.",C/U   ,#N/A,
11541,'2000000000000,"HUINCHA MEDIR 10,5M MAS-SER.",C/U   ,#N/A,
11541,'4716060000000,"HUINCHA MEDIR 10,5M MAS-SER.",C/U   ,#N/A,
11541,'20011543,"HUINCHA MEDIR 10,5M MAS-SER.",C/U   ,#N/A,
11568,'2000000000000,HUINCHA MEDIR TRANSP 5M COLOR,C/U   ,#N/A,
11568,'4716060000000,HUINCHA MEDIR TRANSP 5M COLOR,C/U   ,#N/A,
11568,'20011567,HUINCHA MEDIR TRANSP 5M COLOR,C/U   ,#N/A,
11576,'2000000000000,"HUINCHA MEDIR 7,5MX1/2 MET-RED.",C/U   ,#N/A,
11576,'4716060000000,"HUINCHA MEDIR 7,5MX1/2 MET-RED.",C/U   ,#N/A,
11576,'20011574,"HUINCHA MEDIR 7,5MX1/2 MET-RED.",C/U   ,#N/A,
11584,'2000000000000,NIVEL ALUMINIO 24PULG,C/U   ,9,F
11584,'4716060000000,NIVEL ALUMINIO 24PULG,C/U   ,9,F
11584,'20011581,NIVEL ALUMINIO 24PULG,C/U   ,9,F
11584,'7808000000000,NIVEL ALUMINIO 24PULG,C/U   ,9,F
11592,'471606000000,NIVEL ALUMINIO 18PULG,C/U   ,9,F
11592,'2000000000000,NIVEL ALUMINIO 18PULG,C/U   ,9,F
11592,'4716060000000,NIVEL ALUMINIO 18PULG,C/U   ,9,F
11592,'20011598,NIVEL ALUMINIO 18PULG,C/U   ,9,F
11592,'7808000000000,NIVEL ALUMINIO 18PULG,C/U   ,9,F
11606,'4716060000000,NIVEL ALUMINIO 12PULG TORNADO.,C/U   ,9,F
11606,'2000000000000,NIVEL ALUMINIO 12PULG TORNADO.,C/U   ,9,F
11606,'20011604,NIVEL ALUMINIO 12PULG TORNADO.,C/U   ,9,F
11606,'7808000000000,NIVEL ALUMINIO 12PULG TORNADO.,C/U   ,9,F
11606,'2050000000000,NIVEL ALUMINIO 12PULG TORNADO.,C/U   ,9,F
11614,'2000000000000,REGLA ACERO INOX 24PULG REDLI.,C/U   ,#N/A,
11614,'4712860000000,REGLA ACERO INOX 24PULG REDLI.,C/U   ,#N/A,
11614,'20011611,REGLA ACERO INOX 24PULG REDLI.,C/U   ,#N/A,
11614,'471286000000,REGLA ACERO INOX 24PULG REDLI.,C/U   ,#N/A,
11614,'7808000000000,REGLA ACERO INOX 24PULG REDLI.,C/U   ,#N/A,
11622,'2000000000000,HUINCHA MEDIR 5MX19MM REDLINE,C/U   ,9,F
11622,'4712860000000,HUINCHA MEDIR 5MX19MM REDLINE,C/U   ,9,F
11622,'20011628,HUINCHA MEDIR 5MX19MM REDLINE,C/U   ,9,F
11622,'2050000000000,HUINCHA MEDIR 5MX19MM REDLINE,C/U   ,9,F
11622,'7808000000000,HUINCHA MEDIR 5MX19MM REDLINE,C/U   ,9,F
11630,'2000000000000,HUINCH MEDI 30MX1/2PULG FV-RED,C/U   ,#N/A,
11630,'4712860000000,HUINCH MEDI 30MX1/2PULG FV-RED,C/U   ,#N/A,
11630,'20011635,HUINCH MEDI 30MX1/2PULG FV-RED,C/U   ,#N/A,
11649,'2000000000000,HUINCH MEDI 30MTX1/2PULG REDLI.,C/U   ,#N/A,
11649,'4712860000000,HUINCH MEDI 30MTX1/2PULG REDLI.,C/U   ,#N/A,
11649,'20011642,HUINCH MEDI 30MTX1/2PULG REDLI.,C/U   ,#N/A,
11649,'7808000000000,HUINCH MEDI 30MTX1/2PULG REDLI.,C/U   ,#N/A,
11657,'2000000000000,"HUINCHA MEDIR 5,0MX3/4 MET-RED.",C/U   ,#N/A,
11657,'4712860000000,"HUINCHA MEDIR 5,0MX3/4 MET-RED.",C/U   ,#N/A,
11657,'20011659,"HUINCHA MEDIR 5,0MX3/4 MET-RED.",C/U   ,#N/A,
11665,'2000000000000,SBL CARRO DEMOLEDOR D25980K DW,C/U   ,#N/A,
11665,'4712860000000,SBL CARRO DEMOLEDOR D25980K DW,C/U   ,#N/A,
11665,'20011666,SBL CARRO DEMOLEDOR D25980K DW,C/U   ,#N/A,
11665,'28877593746,SBL CARRO DEMOLEDOR D25980K DW,C/U   ,#N/A,
11673,'2000000000000,ESCUADRA ALUMINIO/ACERO 6PULG.,C/U   ,#N/A,
11673,'4716060000000,ESCUADRA ALUMINIO/ACERO 6PULG.,C/U   ,#N/A,
11673,'20011673,ESCUADRA ALUMINIO/ACERO 6PULG.,C/U   ,#N/A,
11681,'2000000000000,HUINCHA MEDIR 1MT LLAVERO RED.,C/U   ,#N/A,
11681,'4712860000000,HUINCHA MEDIR 1MT LLAVERO RED.,C/U   ,#N/A,
11681,'20011680,HUINCHA MEDIR 1MT LLAVERO RED.,C/U   ,#N/A,
11703,'2000000000000,TIZALINEAS DE 30 MTS.,C/U   ,#N/A,
11703,'4712860000000,TIZALINEAS DE 30 MTS.,C/U   ,#N/A,
11703,'20011703,TIZALINEAS DE 30 MTS.,C/U   ,#N/A,
11711,'2000000000000,REGLA AC INOXID 6PULG REDLINE.,DSPL  ,#N/A,
11711,'4716060000000,REGLA AC INOXID 6PULG REDLINE.,DSPL  ,#N/A,
11711,'20011710,REGLA AC INOXID 6PULG REDLINE.,DSPL  ,#N/A,
11738,'2000000000000,ESCUADRA ALUMINIO/ACERO 12PULG.,C/U   ,#N/A,
11738,'4716060000000,ESCUADRA ALUMINIO/ACERO 12PULG.,C/U   ,#N/A,
11738,'20011734,ESCUADRA ALUMINIO/ACERO 12PULG.,C/U   ,#N/A,
11738,'7808000000000,ESCUADRA ALUMINIO/ACERO 12PULG.,C/U   ,#N/A,
11746,'2000000000000,ESCUADRA ALUMINIO/ACERO 10PULG,C/U   ,9,F
11746,'4716060000000,ESCUADRA ALUMINIO/ACERO 10PULG,C/U   ,9,F
11746,'20011741,ESCUADRA ALUMINIO/ACERO 10PULG,C/U   ,9,F
11746,'7808000000000,ESCUADRA ALUMINIO/ACERO 10PULG,C/U   ,9,F
11754,'2000000000000,ESCUADRA ALUMINIO/ACERO 8PULG.,C/U   ,9,F
11754,'4716060000000,ESCUADRA ALUMINIO/ACERO 8PULG.,C/U   ,9,F
11754,'20011758,ESCUADRA ALUMINIO/ACERO 8PULG.,C/U   ,9,F
11754,'7808000000000,ESCUADRA ALUMINIO/ACERO 8PULG.,C/U   ,9,F
11762,'2000000000000,SET 3PZAS PUNTOS CR-V PTOOLS.,C/U   ,#N/A,
11762,'4712860000000,SET 3PZAS PUNTOS CR-V PTOOLS.,C/U   ,#N/A,
11762,'20011765,SET 3PZAS PUNTOS CR-V PTOOLS.,C/U   ,#N/A,
11770,'2000000000000,SET PUNTOS/CINCEL 5PZS M.SERIE.,C/U   ,#N/A,
11770,'4716060000000,SET PUNTOS/CINCEL 5PZS M.SERIE.,C/U   ,#N/A,
11770,'20011772,SET PUNTOS/CINCEL 5PZS M.SERIE.,C/U   ,#N/A,
11789,'2000000000000,SERRUCHO CARP 18' MASTER SERIE.,C/U   ,#N/A,
11789,'4716060000000,SERRUCHO CARP 18' MASTER SERIE.,C/U   ,#N/A,
11789,'20011789,SERRUCHO CARP 18' MASTER SERIE.,C/U   ,#N/A,
11797,'2000000000000,SERRUCHO CARP20' MASTER SERIES.,C/U   ,#N/A,
11797,'4716060000000,SERRUCHO CARP20' MASTER SERIES.,C/U   ,#N/A,
11797,'20011796,SERRUCHO CARP20' MASTER SERIES.,C/U   ,#N/A,
11800,'2000000000000,JUEGO DE FORMONES 4PZA M.SERIE.,C/U   ,#N/A,
11800,'4716060000000,JUEGO DE FORMONES 4PZA M.SERIE.,C/U   ,#N/A,
11800,'20011802,JUEGO DE FORMONES 4PZA M.SERIE.,C/U   ,#N/A,
11819,'2000000000000,FORMON P/MAD 1/4PULG M.SERIES,C/U   ,#N/A,
11819,'4716060000000,FORMON P/MAD 1/4PULG M.SERIES,C/U   ,#N/A,
11819,'20011819,FORMON P/MAD 1/4PULG M.SERIES,C/U   ,#N/A,
11827,'2000000000000,FORMON P/MAD 1/2PULG M.SERIES,C/U   ,#N/A,
11827,'4716060000000,FORMON P/MAD 1/2PULG M.SERIES,C/U   ,#N/A,
11827,'20011826,FORMON P/MAD 1/2PULG M.SERIES,C/U   ,#N/A,
11835,'2000000000000,FORMON P/MAD 3/4PULG M.SERIES.,C/U   ,#N/A,
11835,'4716060000000,FORMON P/MAD 3/4PULG M.SERIES.,C/U   ,#N/A,
11835,'20011833,FORMON P/MAD 3/4PULG M.SERIES.,C/U   ,#N/A,
11843,'2000000000000,FORMON P/MAD 1PULG M.SERIES.,C/U   ,#N/A,
11843,'4716060000000,FORMON P/MAD 1PULG M.SERIES.,C/U   ,#N/A,
11843,'20011840,FORMON P/MAD 1PULG M.SERIES.,C/U   ,#N/A,
11851,'2000000000000,FORMON P/MAD 1 1/4PULG M.SERIE.,C/U   ,#N/A,
11851,'4716060000000,FORMON P/MAD 1 1/4PULG M.SERIE.,C/U   ,#N/A,
11851,'20011857,FORMON P/MAD 1 1/4PULG M.SERIE.,C/U   ,#N/A,
11878,'7501210000000,MARTILLO CARP-PROF25OZ MAS-SER.,C/U   ,9,F
11878,'2000000000000,MARTILLO CARP-PROF25OZ MAS-SER.,C/U   ,9,F
11878,'4716060000000,MARTILLO CARP-PROF25OZ MAS-SER.,C/U   ,9,F
11878,'20011871,MARTILLO CARP-PROF25OZ MAS-SER.,C/U   ,9,F
11886,'2000000000000,CAJA DE INGLETE CON SIERRA,C/U   ,9,F
11886,'4716060000000,CAJA DE INGLETE CON SIERRA,C/U   ,9,F
11886,'20011888,CAJA DE INGLETE CON SIERRA,C/U   ,9,F
11886,'7808000000000,CAJA DE INGLETE CON SIERRA,C/U   ,9,F
11894,'2000000000000,HACHA  41/2  LBA C/MANGO REDLI.,C/U   ,#N/A,
11894,'4716060000000,HACHA  41/2  LBA C/MANGO REDLI.,C/U   ,#N/A,
11894,'20011895,HACHA  41/2  LBA C/MANGO REDLI.,C/U   ,#N/A,
11908,'2000000000000,MARTILLO CARP M/TUBO 13OZ REDL.,C/U   ,9,F
11908,'4716060000000,MARTILLO CARP M/TUBO 13OZ REDL.,C/U   ,9,F
11908,'20011901,MARTILLO CARP M/TUBO 13OZ REDL.,C/U   ,9,F
11908,'7808000000000,MARTILLO CARP M/TUBO 13OZ REDL.,C/U   ,9,F
11916,'2000000000000,MARTILLO MULT 13 FUNC H01D HTO.,C/U   ,9,F
11916,'4716060000000,MARTILLO MULT 13 FUNC H01D HTO.,C/U   ,9,F
11916,'20011918,MARTILLO MULT 13 FUNC H01D HTO.,C/U   ,9,F
11924,'2000000000000,SIERRA PUNTA FLEXIBLE MAS-SER.,C/U   ,#N/A,
11924,'4716060000000,SIERRA PUNTA FLEXIBLE MAS-SER.,C/U   ,#N/A,
11924,'20011925,SIERRA PUNTA FLEXIBLE MAS-SER.,C/U   ,#N/A,
11932,'2000000000000,ARCO SIE12PULG E-PRO MAS-SER.,C/U   ,#N/A,
11932,'4716060000000,ARCO SIE12PULG E-PRO MAS-SER.,C/U   ,#N/A,
11932,'20011932,ARCO SIE12PULG E-PRO MAS-SER.,C/U   ,#N/A,
11940,'2000000000000,MINI ARCO DE SIERRA PRO 12P,C/U   ,9,F
11940,'4716060000000,MINI ARCO DE SIERRA PRO 12P,C/U   ,9,F
11940,'20011949,MINI ARCO DE SIERRA PRO 12P,C/U   ,9,F
11940,'7808000000000,MINI ARCO DE SIERRA PRO 12P,C/U   ,9,F
11959,'2000000000000,ARCO SIERRA MINI - 6' MAS-SER.,C/U   ,#N/A,
11959,'4716060000000,ARCO SIERRA MINI - 6' MAS-SER.,C/U   ,#N/A,
11959,'20011956,ARCO SIERRA MINI - 6' MAS-SER.,C/U   ,#N/A,
11967,'2000000000000,MARTILLO CARP 16OZ MAS-SER.,C/U   ,9,F
11967,'4716060000000,MARTILLO CARP 16OZ MAS-SER.,C/U   ,9,F
11967,'20011963,MARTILLO CARP 16OZ MAS-SER.,C/U   ,9,F
11975,'2000000000000,MARTILLO CARP 20OZ MAS-SER.,C/U   ,9,F
11975,'4716060000000,MARTILLO CARP 20OZ MAS-SER.,C/U   ,9,F
11975,'20011970,MARTILLO CARP 20OZ MAS-SER.,C/U   ,9,F
11975,'7808000000000,MARTILLO CARP 20OZ MAS-SER.,C/U   ,9,F
11975,'2000300000000,MARTILLO CARP 20OZ MAS-SER.,C/U   ,9,F
11983,'7501210000000,MAZO GOMA M/ACERO 24OZ REDLINE,C/U   ,9,F
11983,'2000000000000,MAZO GOMA M/ACERO 24OZ REDLINE,C/U   ,9,F
11983,'4712860000000,MAZO GOMA M/ACERO 24OZ REDLINE,C/U   ,9,F
11983,'20011987,MAZO GOMA M/ACERO 24OZ REDLINE,C/U   ,9,F
11983,'7808000000000,MAZO GOMA M/ACERO 24OZ REDLINE,C/U   ,9,F
11991,'2000000000000,CAJA DE INGLETES.,C/U   ,#N/A,
11991,'4716060000000,CAJA DE INGLETES.,C/U   ,#N/A,
11991,'20011994,CAJA DE INGLETES.,C/U   ,#N/A,
12009,'8694550000000,MARTILLO CARP M/TUBO 16OZ REDL,C/U   ,9,F
12009,'4712860000000,MARTILLO CARP M/TUBO 16OZ REDL,C/U   ,9,F
12009,'7501210000000,MARTILLO CARP M/TUBO 16OZ REDL,C/U   ,9,F
12009,'2000000000000,MARTILLO CARP M/TUBO 16OZ REDL,C/U   ,9,F
12009,'4716060000000,MARTILLO CARP M/TUBO 16OZ REDL,C/U   ,9,F
12009,'20012007,MARTILLO CARP M/TUBO 16OZ REDL,C/U   ,9,F
12009,'7808000000000,MARTILLO CARP M/TUBO 16OZ REDL,C/U   ,9,F
12017,'2000000000000,JGO 6 GUBIAS LUJO 6PZ REDLINE,JGO   ,#N/A,
12017,'4712860000000,JGO 6 GUBIAS LUJO 6PZ REDLINE,JGO   ,#N/A,
12017,'20012014,JGO 6 GUBIAS LUJO 6PZ REDLINE,JGO   ,#N/A,
12025,'2000000000000,LIJADOR MANUAL 106MM X 212MM.,C/U   ,#N/A,
12025,'4712860000000,LIJADOR MANUAL 106MM X 212MM.,C/U   ,#N/A,
12025,'20012021,LIJADOR MANUAL 106MM X 212MM.,C/U   ,#N/A,
12025,'471286000000,LIJADOR MANUAL 106MM X 212MM.,C/U   ,#N/A,
12033,'2000000000000,HACHA MGO TUBULAR 20 OZ REDLIN.,C/U   ,#N/A,
12033,'4712860000000,HACHA MGO TUBULAR 20 OZ REDLIN.,C/U   ,#N/A,
12033,'20012038,HACHA MGO TUBULAR 20 OZ REDLIN.,C/U   ,#N/A,
12041,'2000000000000,BARRETA 15.,C/U   ,#N/A,
12041,'4712860000000,BARRETA 15.,C/U   ,#N/A,
12041,'20012045,BARRETA 15.,C/U   ,#N/A,
12041,'471286000000,BARRETA 15.,C/U   ,#N/A,
12068,'7501210000000,MARTILLO CARP M/HICKORY16 OZ R.,C/U   ,9,F
12068,'2000000000000,MARTILLO CARP M/HICKORY16 OZ R.,C/U   ,9,F
12068,'4712860000000,MARTILLO CARP M/HICKORY16 OZ R.,C/U   ,9,F
12068,'20012069,MARTILLO CARP M/HICKORY16 OZ R.,C/U   ,9,F
12068,'7808000000000,MARTILLO CARP M/HICKORY16 OZ R.,C/U   ,9,F
12076,'2000000000000,MAZO GOMA M/ACERO 16OZ REDLINE.,C/U   ,#N/A,
12076,'4712860000000,MAZO GOMA M/ACERO 16OZ REDLINE.,C/U   ,#N/A,
12076,'20012076,MAZO GOMA M/ACERO 16OZ REDLINE.,C/U   ,#N/A,
12076,'7808000000000,MAZO GOMA M/ACERO 16OZ REDLINE.,C/U   ,#N/A,
12084,'2000000000000,MARTILLO MECANICO 12 OZ REDLIN.,C/U   ,9,F
12084,'4712860000000,MARTILLO MECANICO 12 OZ REDLIN.,C/U   ,9,F
12084,'20012083,MARTILLO MECANICO 12 OZ REDLIN.,C/U   ,9,F
12092,'2000000000000,MARTILLO CARP FVIDRIO 8OZ REDL.,C/U   ,9,F
12092,'4716060000000,MARTILLO CARP FVIDRIO 8OZ REDL.,C/U   ,9,F
12092,'20012090,MARTILLO CARP FVIDRIO 8OZ REDL.,C/U   ,9,F
12092,'7808000000000,MARTILLO CARP FVIDRIO 8OZ REDL.,C/U   ,9,F
12106,'2000000000000,MARTILLO MECANICO 16 OZ  REDL,C/U   ,9,F
12106,'4716060000000,MARTILLO MECANICO 16 OZ  REDL,C/U   ,9,F
12106,'20012106,MARTILLO MECANICO 16 OZ  REDL,C/U   ,9,F
12114,'2000000000000,SBL COMBO TALADRO PERCUT KR800,C/U   ,9,F
12114,'4716060000000,SBL COMBO TALADRO PERCUT KR800,C/U   ,9,F
12114,'20012113,SBL COMBO TALADRO PERCUT KR800,C/U   ,9,F
12122,'7807990000000,MARTILLO CARP M/MAD 12OZ KARS,C/U   ,9,F
12122,'2000000000000,MARTILLO CARP M/MAD 12OZ KARS,C/U   ,9,F
12122,'4716060000000,MARTILLO CARP M/MAD 12OZ KARS,C/U   ,9,F
12122,'20012120,MARTILLO CARP M/MAD 12OZ KARS,C/U   ,9,F
12122,'2050000000000,MARTILLO CARP M/MAD 12OZ KARS,C/U   ,9,F
12122,'7808000000000,MARTILLO CARP M/MAD 12OZ KARS,C/U   ,9,F
12122,'6900150000000,MARTILLO CARP M/MAD 12OZ KARS,C/U   ,9,F
12130,'2000000000000,HACHA MGO MADERA 32 OZ REDLINE,C/U   ,#N/A,
12130,'4716060000000,HACHA MGO MADERA 32 OZ REDLINE,C/U   ,#N/A,
12130,'20012137,HACHA MGO MADERA 32 OZ REDLINE,C/U   ,#N/A,
12149,'2000000000000,CIZALLA 8PULG MASTER SERIES.,C/U   ,#N/A,
12149,'4716060000000,CIZALLA 8PULG MASTER SERIES.,C/U   ,#N/A,
12149,'20012144,CIZALLA 8PULG MASTER SERIES.,C/U   ,#N/A,
12157,'2000000000000,JGO DE CEPILLOS 3 PZAS STANLEY,C/U   ,9,F
12157,'4712860000000,JGO DE CEPILLOS 3 PZAS STANLEY,C/U   ,9,F
12157,'20012151,JGO DE CEPILLOS 3 PZAS STANLEY,C/U   ,9,F
12157,'7808000000000,JGO DE CEPILLOS 3 PZAS STANLEY,C/U   ,9,F
12165,'2000000000000,ARCO DE SIERRA PROFESIONAL 12P,C/U   ,9,F
12165,'4712860000000,ARCO DE SIERRA PROFESIONAL 12P,C/U   ,9,F
12165,'20012168,ARCO DE SIERRA PROFESIONAL 12P,C/U   ,9,F
12165,'7808000000000,ARCO DE SIERRA PROFESIONAL 12P,C/U   ,9,F
12173,'2000000000000,HOJAS DE SIERRA CALAR 4UN REDL,C/U   ,9,F
12173,'4712860000000,HOJAS DE SIERRA CALAR 4UN REDL,C/U   ,9,F
12173,'20012175,HOJAS DE SIERRA CALAR 4UN REDL,C/U   ,9,F
12181,'6900010000000,CIZALLA 18P REDLINE,C/U   ,9,F
12181,'2000000000000,CIZALLA 18P REDLINE,C/U   ,9,F
12181,'4712860000000,CIZALLA 18P REDLINE,C/U   ,9,F
12181,'20012182,CIZALLA 18P REDLINE,C/U   ,9,F
12181,'7808000000000,CIZALLA 18P REDLINE,C/U   ,9,F
12203,'4716060000000,ARCO DE SIERRA 12P,C/U   ,9,F
12203,'2000000000000,ARCO DE SIERRA 12P,C/U   ,9,F
12203,'6931600000000,ARCO DE SIERRA 12P,C/U   ,9,F
12203,'20012205,ARCO DE SIERRA 12P,C/U   ,9,F
12203,'7808000000000,ARCO DE SIERRA 12P,C/U   ,9,F
12203,'7807990000000,ARCO DE SIERRA 12P,C/U   ,9,F
12211,'2000000000000,HOJA SIERRA 0.55X0.045 P/CJ IN.,C/U   ,#N/A,
12211,'4716060000000,HOJA SIERRA 0.55X0.045 P/CJ IN.,C/U   ,#N/A,
12211,'20012212,HOJA SIERRA 0.55X0.045 P/CJ IN.,C/U   ,#N/A,
12238,'2000000000000,ARCO SIERRA CALAR REDLINE.,C/U   ,9,F
12238,'4716060000000,ARCO SIERRA CALAR REDLINE.,C/U   ,9,F
12238,'20012236,ARCO SIERRA CALAR REDLINE.,C/U   ,9,F
12246,'2000000000000,HOJA DE SIERRA 12 24D X 2UND,C/U   ,9,F
12246,'4716060000000,HOJA DE SIERRA 12 24D X 2UND,C/U   ,9,F
12246,'20012243,HOJA DE SIERRA 12 24D X 2UND,C/U   ,9,F
12246,'7808000000000,HOJA DE SIERRA 12 24D X 2UND,C/U   ,9,F
12254,'2000000000000,HOJA DE SIERRA AC. 24D X 2UND,C/U   ,9,F
12254,'4716060000000,HOJA DE SIERRA AC. 24D X 2UND,C/U   ,9,F
12254,'20012250,HOJA DE SIERRA AC. 24D X 2UND,C/U   ,9,F
12254,'7808000000000,HOJA DE SIERRA AC. 24D X 2UND,C/U   ,9,F
12262,'2000000000000,HOJA SIERRA 0.60 P/INGLETEAD.,C/U   ,#N/A,
12262,'4716060000000,HOJA SIERRA 0.60 P/INGLETEAD.,C/U   ,#N/A,
12262,'20012267,HOJA SIERRA 0.60 P/INGLETEAD.,C/U   ,#N/A,
12270,'6931600000000,ALICATE PRES 19PULG C/CADE RED.,C/U   ,9,F
12270,'2000000000000,ALICATE PRES 19PULG C/CADE RED.,C/U   ,9,F
12270,'4716060000000,ALICATE PRES 19PULG C/CADE RED.,C/U   ,9,F
12270,'20012274,ALICATE PRES 19PULG C/CADE RED.,C/U   ,9,F
12289,'2000000000000,KIT HERRAMIENTRAS 16PZA P.TOOL.,C/U   ,#N/A,
12289,'4716060000000,KIT HERRAMIENTRAS 16PZA P.TOOL.,C/U   ,#N/A,
12289,'20012281,KIT HERRAMIENTRAS 16PZA P.TOOL.,C/U   ,#N/A,
12297,'2000000000000,SET HERRAM MULT 4 PZA 431 HTOO.,C/U   ,#N/A,
12297,'4716060000000,SET HERRAM MULT 4 PZA 431 HTOO.,C/U   ,#N/A,
12297,'20012298,SET HERRAM MULT 4 PZA 431 HTOO.,C/U   ,#N/A,
12300,'2000000000000,LLAVE AJUSTABLE 6 MAS-SER.,C/U   ,#N/A,
12300,'4716060000000,LLAVE AJUSTABLE 6 MAS-SER.,C/U   ,#N/A,
12300,'20012304,LLAVE AJUSTABLE 6 MAS-SER.,C/U   ,#N/A,
12319,'2000000000000,LLAVE AJUSTAB 8PULG MAS-SER.,C/U   ,#N/A,
12319,'4716060000000,LLAVE AJUSTAB 8PULG MAS-SER.,C/U   ,#N/A,
12319,'20012311,LLAVE AJUSTAB 8PULG MAS-SER.,C/U   ,#N/A,
12319,'471606000000,LLAVE AJUSTAB 8PULG MAS-SER.,C/U   ,#N/A,
12327,'2000000000000,LLAVE AJUSTABLE 10 MAS-SER.,C/U   ,#N/A,
12327,'4716060000000,LLAVE AJUSTABLE 10 MAS-SER.,C/U   ,#N/A,
12327,'20012328,LLAVE AJUSTABLE 10 MAS-SER.,C/U   ,#N/A,
12335,'2000000000000,LLAVES COMBINACION 9PZ MAS-SER.,C/U   ,#N/A,
12335,'4716060000000,LLAVES COMBINACION 9PZ MAS-SER.,C/U   ,#N/A,
12335,'20012335,LLAVES COMBINACION 9PZ MAS-SER.,C/U   ,#N/A,
12343,'2000000000000,LLAVES COMBINACION 8PZ MAS-SER,C/U   ,#N/A,
12343,'4716060000000,LLAVES COMBINACION 8PZ MAS-SER,C/U   ,#N/A,
12343,'20012342,LLAVES COMBINACION 8PZ MAS-SER,C/U   ,#N/A,
12351,'2000000000000,DESARM PHILL 0X75MM MAS-SER.,C/U   ,#N/A,
12351,'4716060000000,DESARM PHILL 0X75MM MAS-SER.,C/U   ,#N/A,
12351,'20012359,DESARM PHILL 0X75MM MAS-SER.,C/U   ,#N/A,
12378,'2000000000000,DESARM PHILL 2X100MM MAS-SE.,C/U   ,#N/A,
12378,'4716060000000,DESARM PHILL 2X100MM MAS-SE.,C/U   ,#N/A,
12378,'20012373,DESARM PHILL 2X100MM MAS-SE.,C/U   ,#N/A,
12386,'2000000000000,ATORNILL PHILL 2X38MM MAS-SER.,C/U   ,#N/A,
12386,'4716060000000,ATORNILL PHILL 2X38MM MAS-SER.,C/U   ,#N/A,
12386,'20012380,ATORNILL PHILL 2X38MM MAS-SER.,C/U   ,#N/A,
12394,'2000000000000,DESARM PALE 3.2X75MM MAS-SER,C/U   ,#N/A,
12394,'4716060000000,DESARM PALE 3.2X75MM MAS-SER,C/U   ,#N/A,
12394,'20012397,DESARM PALE 3.2X75MM MAS-SER,C/U   ,#N/A,
12408,'2000000000000,DESARM PALE 5X100MM MAS-SER.,C/U   ,#N/A,
12408,'4716060000000,DESARM PALE 5X100MM MAS-SER.,C/U   ,#N/A,
12408,'20012403,DESARM PALE 5X100MM MAS-SER.,C/U   ,#N/A,
12416,'2000000000000,DESARM PALE 6X150MM MAS-SER.,C/U   ,#N/A,
12416,'4716060000000,DESARM PALE 6X150MM MAS-SER.,C/U   ,#N/A,
12416,'20012410,DESARM PALE 6X150MM MAS-SER.,C/U   ,#N/A,
12424,'2000000000000,DESARM PALE 6X38MM MAS-SER,C/U   ,#N/A,
12424,'4716060000000,DESARM PALE 6X38MM MAS-SER,C/U   ,#N/A,
12424,'20012427,DESARM PALE 6X38MM MAS-SER,C/U   ,#N/A,
12432,'2000000000000,DESARM PALE 8X150MM MAS-SER,C/U   ,#N/A,
12432,'4716060000000,DESARM PALE 8X150MM MAS-SER,C/U   ,#N/A,
12432,'20012434,DESARM PALE 8X150MM MAS-SER,C/U   ,#N/A,
12440,'2000000000000,DESARM TORX 10X100MM MAS-SER.,C/U   ,#N/A,
12440,'4716060000000,DESARM TORX 10X100MM MAS-SER.,C/U   ,#N/A,
12440,'20012441,DESARM TORX 10X100MM MAS-SER.,C/U   ,#N/A,
12459,'2000000000000,DESARM TORX 15X100MM MAS-SER,C/U   ,#N/A,
12459,'4716060000000,DESARM TORX 15X100MM MAS-SER,C/U   ,#N/A,
12459,'20012458,DESARM TORX 15X100MM MAS-SER,C/U   ,#N/A,
12467,'2000000000000,DESARM TORX 20X100MM MAS-SER,C/U   ,#N/A,
12467,'4716060000000,DESARM TORX 20X100MM MAS-SER,C/U   ,#N/A,
12467,'20012465,DESARM TORX 20X100MM MAS-SER,C/U   ,#N/A,
12475,'2000000000000,DESARM TORX 25X100MM MAS-SER,C/U   ,#N/A,
12475,'4716060000000,DESARM TORX 25X100MM MAS-SER,C/U   ,#N/A,
12475,'20012472,DESARM TORX 25X100MM MAS-SER,C/U   ,#N/A,
12483,'2000000000000,DESARM TORX 30X100MM MAS-SER,C/U   ,#N/A,
12483,'4716060000000,DESARM TORX 30X100MM MAS-SER,C/U   ,#N/A,
12483,'20012489,DESARM TORX 30X100MM MAS-SER,C/U   ,#N/A,
12491,'2000000000000,SET DESARMADOR 4-PZ MAS-SER.,JGO   ,#N/A,
12491,'4716060000000,SET DESARMADOR 4-PZ MAS-SER.,JGO   ,#N/A,
12491,'20012496,SET DESARMADOR 4-PZ MAS-SER.,JGO   ,#N/A,
12505,'2000000000000,SET DESARMAD MINI 2PZ MAS-SE.,C/U   ,#N/A,
12505,'4716060000000,SET DESARMAD MINI 2PZ MAS-SE.,C/U   ,#N/A,
12505,'20012502,SET DESARMAD MINI 2PZ MAS-SE.,C/U   ,#N/A,
12513,'2000000000000,SET DESARMAD 2PZ MAS-SER.,JGO   ,#N/A,
12513,'4716060000000,SET DESARMAD 2PZ MAS-SER.,JGO   ,#N/A,
12513,'20012519,SET DESARMAD 2PZ MAS-SER.,JGO   ,#N/A,
12521,'2000000000000,SET LLAVE HEXAG MM 8PZ MAS-SER.,JGO   ,#N/A,
12521,'4716060000000,SET LLAVE HEXAG MM 8PZ MAS-SER.,JGO   ,#N/A,
12521,'20012526,SET LLAVE HEXAG MM 8PZ MAS-SER.,JGO   ,#N/A,
12548,'2000000000000,ALICATE UNIVER 8PULG MAS-SER,C/U   ,9,F
12548,'4716060000000,ALICATE UNIVER 8PULG MAS-SER,C/U   ,9,F
12548,'20012540,ALICATE UNIVER 8PULG MAS-SER,C/U   ,9,F
12556,'2000000000000,ALICATE CORTANTE 6 MAS-SER,C/U   ,9,F
12556,'4716060000000,ALICATE CORTANTE 6 MAS-SER,C/U   ,9,F
12556,'20012557,ALICATE CORTANTE 6 MAS-SER,C/U   ,9,F
12564,'2000000000000,ALICATE CORT 7PULG MAS-SER,C/U   ,9,F
12564,'4716060000000,ALICATE CORT 7PULG MAS-SER,C/U   ,9,F
12564,'20012564,ALICATE CORT 7PULG MAS-SER,C/U   ,9,F
12572,'2000000000000,ALICATE PUNTA 7PULG MAS-SER.,C/U   ,9,F
12572,'4716060000000,ALICATE PUNTA 7PULG MAS-SER.,C/U   ,9,F
12572,'20012571,ALICATE PUNTA 7PULG MAS-SER.,C/U   ,9,F
12580,'2000000000000,ALICATE PUNTA 8PULG MAS-SER,C/U   ,9,F
12580,'4716060000000,ALICATE PUNTA 8PULG MAS-SER,C/U   ,9,F
12580,'20012588,ALICATE PUNTA 8PULG MAS-SER,C/U   ,9,F
12580,'471606000000,ALICATE PUNTA 8PULG MAS-SER,C/U   ,9,F
12599,'2000000000000,DESARMADOR MULTIPLE C/CHIC RED,C/U   ,#N/A,
12599,'4716060000000,DESARMADOR MULTIPLE C/CHIC RED,C/U   ,#N/A,
12599,'20012595,DESARMADOR MULTIPLE C/CHIC RED,C/U   ,#N/A,
12602,'2000000000000,LLAVE AJUSTABLE 6PULG MINI.,C/U   ,#N/A,
12602,'4716060000000,LLAVE AJUSTABLE 6PULG MINI.,C/U   ,#N/A,
12602,'20012601,LLAVE AJUSTABLE 6PULG MINI.,C/U   ,#N/A,
12610,'2000000000000,MANGOCHICHMDO1/4-3/8REDLINE,C/U   ,#N/A,
12610,'4716060000000,MANGOCHICHMDO1/4-3/8REDLINE,C/U   ,#N/A,
12610,'20012618,MANGOCHICHMDO1/4-3/8REDLINE,C/U   ,#N/A,
12629,'7807990000000,DESARMADOR PLANO 6X38MM REDL.,C/U   ,9,F
12629,'2000000000000,DESARMADOR PLANO 6X38MM REDL.,C/U   ,9,F
12629,'4716060000000,DESARMADOR PLANO 6X38MM REDL.,C/U   ,9,F
12629,'20012625,DESARMADOR PLANO 6X38MM REDL.,C/U   ,9,F
12629,'7808000000000,DESARMADOR PLANO 6X38MM REDL.,C/U   ,9,F
12637,'2000000000000,SET DESARMADOR FLEXIB 12PZ RED,C/U   ,#N/A,
12637,'4716060000000,SET DESARMADOR FLEXIB 12PZ RED,C/U   ,#N/A,
12637,'20012632,SET DESARMADOR FLEXIB 12PZ RED,C/U   ,#N/A,
12645,'7808000000000,JGO DE ALICATES 2 PZAS UNI/PRE,C/U   ,9,F
12645,'2000000000000,JGO DE ALICATES 2 PZAS UNI/PRE,C/U   ,9,F
12645,'4716060000000,JGO DE ALICATES 2 PZAS UNI/PRE,C/U   ,9,F
12645,'20012649,JGO DE ALICATES 2 PZAS UNI/PRE,C/U   ,9,F
12653,'4716060000000,SET 3 HERRAMIENTAS GASF REDLIN.,C/U   ,#N/A,
12653,'20012656,SET 3 HERRAMIENTAS GASF REDLIN.,C/U   ,#N/A,
12661,'7808000000000,JGO DE ALICATES 3 PZAS,C/U   ,9,F
12661,'2000000000000,JGO DE ALICATES 3 PZAS,C/U   ,9,F
12661,'4716060000000,JGO DE ALICATES 3 PZAS,C/U   ,9,F
12661,'20012663,JGO DE ALICATES 3 PZAS,C/U   ,9,F
12688,'7808000000000,JGO DE ALICATES 2 PZAS UNI/CTE,C/U   ,9,F
12688,'2000000000000,JGO DE ALICATES 2 PZAS UNI/CTE,C/U   ,9,F
12688,'4716060000000,JGO DE ALICATES 2 PZAS UNI/CTE,C/U   ,9,F
12688,'20012687,JGO DE ALICATES 2 PZAS UNI/CTE,C/U   ,9,F
12696,'2000000000000,ALICATE PELICANO 12PULG REDLIN.,C/U   ,9,F
12696,'4716060000000,ALICATE PELICANO 12PULG REDLIN.,C/U   ,9,F
12696,'20012694,ALICATE PELICANO 12PULG REDLIN.,C/U   ,9,F
12696,'471606000000,ALICATE PELICANO 12PULG REDLIN.,C/U   ,9,F
12718,'2000000000000,K-MULTI CORTAPLU Y ALICATE MIN.,C/U   ,9,F
12718,'4716060000000,K-MULTI CORTAPLU Y ALICATE MIN.,C/U   ,9,F
12718,'20012717,K-MULTI CORTAPLU Y ALICATE MIN.,C/U   ,9,F
12726,'2000000000000,SET HERRAM/MANUAL92PZ PTOOLS.,C/U   ,#N/A,
12726,'20012724,SET HERRAM/MANUAL92PZ PTOOLS.,C/U   ,#N/A,
12734,'2000000000000,SET HERR/MANUAL 42PZ PTOOLS.,C/U   ,#N/A,
12734,'4716060000000,SET HERR/MANUAL 42PZ PTOOLS.,C/U   ,#N/A,
12734,'20012731,SET HERR/MANUAL 42PZ PTOOLS.,C/U   ,#N/A,
12742,'2000000000000,SET HERR/MANUAL55PZ PTOOLS.,C/U   ,#N/A,
12742,'4716060000000,SET HERR/MANUAL55PZ PTOOLS.,C/U   ,#N/A,
12742,'20012748,SET HERR/MANUAL55PZ PTOOLS.,C/U   ,#N/A,
12750,'2000000000000,SET HERR/MANUAL 28PZ PTOOLS.,C/U   ,#N/A,
12750,'4716060000000,SET HERR/MANUAL 28PZ PTOOLS.,C/U   ,#N/A,
12750,'20012755,SET HERR/MANUAL 28PZ PTOOLS.,C/U   ,#N/A,
12769,'2000000000000,INGLETEADORA MULTI ANGULAR.,C/U   ,#N/A,
12769,'4009310000000,INGLETEADORA MULTI ANGULAR.,C/U   ,#N/A,
12769,'4716060000000,INGLETEADORA MULTI ANGULAR.,C/U   ,#N/A,
12769,'20012762,INGLETEADORA MULTI ANGULAR.,C/U   ,#N/A,
12777,'2000000000000,PRENSA DE ACCION RAPIDA 6PULG,C/U   ,#N/A,
12777,'4716060000000,PRENSA DE ACCION RAPIDA 6PULG,C/U   ,#N/A,
12777,'20012779,PRENSA DE ACCION RAPIDA 6PULG,C/U   ,#N/A,
12785,'2000000000000,PRENSA DE ACCION RAPIDA 18PULG,C/U   ,#N/A,
12785,'4716060000000,PRENSA DE ACCION RAPIDA 18PULG,C/U   ,#N/A,
12785,'20012786,PRENSA DE ACCION RAPIDA 18PULG,C/U   ,#N/A,
12793,'2000000000000,PRENSA RATCHET REDLINE,C/U   ,#N/A,
12793,'4716060000000,PRENSA RATCHET REDLINE,C/U   ,#N/A,
12793,'20012793,PRENSA RATCHET REDLINE,C/U   ,#N/A,
12807,'2000000000000,PRENSA RATCHET 2PZASREDLINE,C/U   ,#N/A,
12807,'4716060000000,PRENSA RATCHET 2PZASREDLINE,C/U   ,#N/A,
12807,'20012809,PRENSA RATCHET 2PZASREDLINE,C/U   ,#N/A,
12815,'2000000000000,SET LLAVES PTA/COR 6PZS PULG.,JGO   ,#N/A,
12815,'4716060000000,SET LLAVES PTA/COR 6PZS PULG.,JGO   ,#N/A,
12815,'20012816,SET LLAVES PTA/COR 6PZS PULG.,JGO   ,#N/A,
12823,'2000000000000,LLAVE AJUSTABLE C/CORREA GOMA.,C/U   ,#N/A,
12823,'4716060000000,LLAVE AJUSTABLE C/CORREA GOMA.,C/U   ,#N/A,
12823,'20012823,LLAVE AJUSTABLE C/CORREA GOMA.,C/U   ,#N/A,
12831,'2000000000000,ALICATE PODA 6 FUNC F61D HTOOL.,C/U   ,9,F
12831,'4716060000000,ALICATE PODA 6 FUNC F61D HTOOL.,C/U   ,9,F
12831,'20012830,ALICATE PODA 6 FUNC F61D HTOOL.,C/U   ,9,F
12858,'2000000000000,SET HERRAM MULT 4PZA 411D HTOO,JGO   ,#N/A,
12858,'4716060000000,SET HERRAM MULT 4PZA 411D HTOO,JGO   ,#N/A,
12858,'20012854,SET HERRAM MULT 4PZA 411D HTOO,JGO   ,#N/A,
12866,'7807990000000,DESARMADOR PLANO 6X150MM RED.,C/U   ,9,F
12866,'2000000000000,DESARMADOR PLANO 6X150MM RED.,C/U   ,9,F
12866,'4716060000000,DESARMADOR PLANO 6X150MM RED.,C/U   ,9,F
12866,'20012861,DESARMADOR PLANO 6X150MM RED.,C/U   ,9,F
12866,'7808000000000,DESARMADOR PLANO 6X150MM RED.,C/U   ,9,F
12874,'2000000000000,DESARMADOR PALETA 5X100MM RED.,C/U   ,#N/A,
12874,'4716060000000,DESARMADOR PALETA 5X100MM RED.,C/U   ,#N/A,
12874,'20012878,DESARMADOR PALETA 5X100MM RED.,C/U   ,#N/A,
12882,'7807990000000,DESARMADOR PLANO 3X75MM,C/U   ,9,F
12882,'2000000000000,DESARMADOR PLANO 3X75MM,C/U   ,9,F
12882,'4716060000000,DESARMADOR PLANO 3X75MM,C/U   ,9,F
12882,'20012885,DESARMADOR PLANO 3X75MM,C/U   ,9,F
12890,'7808000000000,ALICATE PRESION CURVO 7 RL,C/U   ,9,F
12890,'2000000000000,ALICATE PRESION CURVO 7 RL,C/U   ,9,F
12890,'4716060000000,ALICATE PRESION CURVO 7 RL,C/U   ,9,F
12890,'20012892,ALICATE PRESION CURVO 7 RL,C/U   ,9,F
12904,'7808000000000,ALICATE UNIVERSAL 4.1/2 RL,C/U   ,9,F
12904,'2000000000000,ALICATE UNIVERSAL 4.1/2 RL,C/U   ,9,F
12904,'4716060000000,ALICATE UNIVERSAL 4.1/2 RL,C/U   ,9,F
12904,'20012908,ALICATE UNIVERSAL 4.1/2 RL,C/U   ,9,F
12912,'2000000000000,ALICATE PELICANO 8PULG REDLINE.,C/U   ,9,F
12912,'4716060000000,ALICATE PELICANO 8PULG REDLINE.,C/U   ,9,F
12912,'20012915,ALICATE PELICANO 8PULG REDLINE.,C/U   ,9,F
12920,'2000000000000,DESARMADOR ELEC.PHILLI N0X75MM,C/U   ,#N/A,
12920,'4716060000000,DESARMADOR ELEC.PHILLI N0X75MM,C/U   ,#N/A,
12920,'20012922,DESARMADOR ELEC.PHILLI N0X75MM,C/U   ,#N/A,
12939,'7807990000000,SET ATORNILLADOR ELECTR 8PZS.,C/U   ,9,F
12939,'2000000000000,SET ATORNILLADOR ELECTR 8PZS.,C/U   ,9,F
12939,'4716060000000,SET ATORNILLADOR ELECTR 8PZS.,C/U   ,9,F
12939,'20012939,SET ATORNILLADOR ELECTR 8PZS.,C/U   ,9,F
12947,'2000000000000,REMACHADORA 4 BOQ C/60 REMACHE,C/U   ,9,F
12947,'4716060000000,REMACHADORA 4 BOQ C/60 REMACHE,C/U   ,9,F
12947,'20012946,REMACHADORA 4 BOQ C/60 REMACHE,C/U   ,9,F
12947,'7808000000000,REMACHADORA 4 BOQ C/60 REMACHE,C/U   ,9,F
12955,'7807990000000,JGO DESARMADORES 4 PZAS C/ORG,C/U   ,9,F
12955,'2000000000000,JGO DESARMADORES 4 PZAS C/ORG,C/U   ,9,F
12955,'4716060000000,JGO DESARMADORES 4 PZAS C/ORG,C/U   ,9,F
12955,'20012953,JGO DESARMADORES 4 PZAS C/ORG,C/U   ,9,F
12963,'2000000000000,SET DESARMADOR TELESC 8PZ RED,C/U   ,#N/A,
12963,'4716060000000,SET DESARMADOR TELESC 8PZ RED,C/U   ,#N/A,
12963,'20012960,SET DESARMADOR TELESC 8PZ RED,C/U   ,#N/A,
12971,'2000000000000,DESARMADOR PHILLIP 2X38MM RED.,C/U   ,#N/A,
12971,'4716060000000,DESARMADOR PHILLIP 2X38MM RED.,C/U   ,#N/A,
12971,'20012977,DESARMADOR PHILLIP 2X38MM RED.,C/U   ,#N/A,
12998,'7807990000000,DESARMADOR CRUZ N3X200MM RL,C/U   ,9,F
12998,'2000000000000,DESARMADOR CRUZ N3X200MM RL,C/U   ,9,F
12998,'4716060000000,DESARMADOR CRUZ N3X200MM RL,C/U   ,9,F
12998,'20012991,DESARMADOR CRUZ N3X200MM RL,C/U   ,9,F
12998,'7808000000000,DESARMADOR CRUZ N3X200MM RL,C/U   ,9,F
13005,'2000000000000,SET DESARMADOR C/CHICH41PZ RED,C/U   ,#N/A,
13005,'4716060000000,SET DESARMADOR C/CHICH41PZ RED,C/U   ,#N/A,
13005,'20013004,SET DESARMADOR C/CHICH41PZ RED,C/U   ,#N/A,
13013,'7807990000000,DESARMADOR PLANO 6X100MM RED.,C/U   ,9,F
13013,'2000000000000,DESARMADOR PLANO 6X100MM RED.,C/U   ,9,F
13013,'4716060000000,DESARMADOR PLANO 6X100MM RED.,C/U   ,9,F
13013,'20013011,DESARMADOR PLANO 6X100MM RED.,C/U   ,9,F
13013,'7808000000000,DESARMADOR PLANO 6X100MM RED.,C/U   ,9,F
13021,'2000000000000,PRENSA C - 3P RL,C/U   ,9,F
13021,'4712860000000,PRENSA C - 3P RL,C/U   ,9,F
13021,'20013028,PRENSA C - 3P RL,C/U   ,9,F
13021,'7808000000000,PRENSA C - 3P RL,C/U   ,9,F
13048,'2000000000000,LLAVES ALLEN PULG,C/U   ,9,F
13048,'4712860000000,LLAVES ALLEN PULG,C/U   ,9,F
13048,'20013042,LLAVES ALLEN PULG,C/U   ,9,F
13048,'7808000000000,LLAVES ALLEN PULG,C/U   ,9,F
13056,'2000000000000,LLAVES ALLEN PLEG MM7PZ REDL,C/U   ,9,F
13056,'4712860000000,LLAVES ALLEN PLEG MM7PZ REDL,C/U   ,9,F
13056,'20013059,LLAVES ALLEN PLEG MM7PZ REDL,C/U   ,9,F
13056,'7808000000000,LLAVES ALLEN PLEG MM7PZ REDL,C/U   ,9,F
13064,'7807990000000,JGO DESARMADORES 4 PZAS,C/U   ,9,F
13064,'2000000000000,JGO DESARMADORES 4 PZAS,C/U   ,9,F
13064,'4716060000000,JGO DESARMADORES 4 PZAS,C/U   ,9,F
13064,'20013066,JGO DESARMADORES 4 PZAS,C/U   ,9,F
13072,'2000200000000,ALICATE PUNTA LARGA 6.,C/U   ,9,F
13072,'7807990000000,ALICATE PUNTA LARGA 6.,C/U   ,9,F
13072,'2000000000000,ALICATE PUNTA LARGA 6.,C/U   ,9,F
13072,'20013073,ALICATE PUNTA LARGA 6.,C/U   ,9,F
13080,'7808000000000,ALICATE PUNTA LARGA 6,C/U   ,99,E
13080,'7807990000000,ALICATE PUNTA LARGA 6,C/U   ,99,E
13080,'2000000000000,ALICATE PUNTA LARGA 6,C/U   ,99,E
13080,'4716060000000,ALICATE PUNTA LARGA 6,C/U   ,99,E
13080,'47669095701,ALICATE PUNTA LARGA 6,C/U   ,99,E
13080,'20013080,ALICATE PUNTA LARGA 6,C/U   ,99,E
13099,'7808000000000,ALICATE PRESION CURVO 7,C/U   ,9,F
13099,'2000000000000,ALICATE PRESION CURVO 7,C/U   ,9,F
13099,'4716060000000,ALICATE PRESION CURVO 7,C/U   ,9,F
13099,'47669095787,ALICATE PRESION CURVO 7,C/U   ,9,F
13099,'20013097,ALICATE PRESION CURVO 7,C/U   ,9,F
13102,'7807990000000,DESARMADOR CRUZ N2X100MM,C/U   ,9,F
13102,'2000000000000,DESARMADOR CRUZ N2X100MM,C/U   ,9,F
13102,'4716060000000,DESARMADOR CRUZ N2X100MM,C/U   ,9,F
13102,'20013103,DESARMADOR CRUZ N2X100MM,C/U   ,9,F
13110,'7807990000000,DESARMADOR PLANO 6X100MM,C/U   ,9,F
13110,'2000000000000,DESARMADOR PLANO 6X100MM,C/U   ,9,F
13110,'4716060000000,DESARMADOR PLANO 6X100MM,C/U   ,9,F
13110,'47669095572,DESARMADOR PLANO 6X100MM,C/U   ,9,F
13110,'20013110,DESARMADOR PLANO 6X100MM,C/U   ,9,F
13110,'471606000000,DESARMADOR PLANO 6X100MM,C/U   ,9,F
13129,'7808000000000,LLAVE AJUSTABLE 8,C/U   ,9,F
13129,'6900000000000,LLAVE AJUSTABLE 8,C/U   ,9,F
13129,'7807990000000,LLAVE AJUSTABLE 8,C/U   ,9,F
13129,'2000000000000,LLAVE AJUSTABLE 8,C/U   ,9,F
13129,'4716060000000,LLAVE AJUSTABLE 8,C/U   ,9,F
13129,'20013127,LLAVE AJUSTABLE 8,C/U   ,9,F
13137,'2000000000000,ALICATE MULTIUSO 12 FUNCIONES.,C/U   ,9,F
13137,'20013134,ALICATE MULTIUSO 12 FUNCIONES.,C/U   ,9,F
13145,'2000000000000,DESTORN 2.5X85MM PLANO REDLINE,C/U   ,12,I
13145,'4716060000000,DESTORN 2.5X85MM PLANO REDLINE,C/U   ,12,I
13145,'20013141,DESTORN 2.5X85MM PLANO REDLINE,C/U   ,12,I
13145,'7808000000000,DESTORN 2.5X85MM PLANO REDLINE,C/U   ,12,I
13153,'2000000000000,DESARMADOR PALET-AIS 6.5X150MM,C/U   ,#N/A,
13153,'4716060000000,DESARMADOR PALET-AIS 6.5X150MM,C/U   ,#N/A,
13153,'20013158,DESARMADOR PALET-AIS 6.5X150MM,C/U   ,#N/A,
13161,'2000000000000,ALICATE TURBO,C/U   ,9,F
13161,'4716060000000,ALICATE TURBO,C/U   ,9,F
13161,'20013165,ALICATE TURBO,C/U   ,9,F
13188,'2000000000000,LLAVE AJUSTABLE 6 RL,C/U   ,9,F
13188,'4716060000000,LLAVE AJUSTABLE 6 RL,C/U   ,9,F
13188,'20013189,LLAVE AJUSTABLE 6 RL,C/U   ,9,F
13188,'7808000000000,LLAVE AJUSTABLE 6 RL,C/U   ,9,F
13196,'2000000000000,PRENSA P/ESQUINA 3PULG REDLINE,C/U   ,9,F
13196,'4712860000000,PRENSA P/ESQUINA 3PULG REDLINE,C/U   ,9,F
13196,'20013196,PRENSA P/ESQUINA 3PULG REDLINE,C/U   ,9,F
13196,'7808000000000,PRENSA P/ESQUINA 3PULG REDLINE,C/U   ,9,F
13218,'7808000000000,ALICATE PUNTA LARGA 8 RL,C/U   ,9,F
13218,'4914060000000,ALICATE PUNTA LARGA 8 RL,C/U   ,9,F
13218,'2000000000000,ALICATE PUNTA LARGA 8 RL,C/U   ,9,F
13218,'4716060000000,ALICATE PUNTA LARGA 8 RL,C/U   ,9,F
64998,'20064990,LATEX ACRILIC SATIN VE TE 20LT.,C/U   ,38,P
65013,'7752840000000,SELLADOR CPPQ 5GL.,C/U   ,38,P
65021,'7752840000000,TEMPLE SINOLIT X 5 KG.,C/U   ,38,P
65048,'20065041,IMPRIMANTE CPPGLS,C/U   ,38,P
65056,'7752840000000,ESMALTE PINTOR BLANCOGLS.,C/U   ,#N/A,
